[error] Failed to fetch Firebase Project from Studio Workspace because WORKSPACE_SLUG environment variable is empty
[error] Failed to fetch Firebase Project from Studio Workspace because WORKSPACE_SLUG environment variable is empty
[error] Failed to fetch Firebase Project from Studio Workspace because WORKSPACE_SLUG environment variable is empty
[error] Failed to fetch Firebase Project from Studio Workspace because WORKSPACE_SLUG environment variable is empty
[debug] [2025-11-23T20:19:16.547Z] > command requires scopes: ["email","openid","https://www.googleapis.com/auth/cloudplatformprojects.readonly","https://www.googleapis.com/auth/firebase","https://www.googleapis.com/auth/cloud-platform","https://www.googleapis.com/auth/userinfo.email"]
[debug] [2025-11-23T20:19:16.548Z] > authorizing via signed-in user (alfecjo@gmail.com)
[debug] [2025-11-23T20:19:16.562Z] Checked if tokens are valid: false, expires at: 1763910281876
[debug] [2025-11-23T20:19:16.562Z] Checked if tokens are valid: false, expires at: 1763910281876
[debug] [2025-11-23T20:19:16.563Z] > refreshing access token with scopes: []
[debug] [2025-11-23T20:19:16.565Z] >>> [apiv2][query] POST https://www.googleapis.com/oauth2/v3/token [none]
[debug] [2025-11-23T20:19:16.565Z] >>> [apiv2][body] POST https://www.googleapis.com/oauth2/v3/token [omitted]
[debug] [2025-11-23T20:19:16.591Z] Checked if tokens are valid: false, expires at: 1763910281876
[debug] [2025-11-23T20:19:16.591Z] Checked if tokens are valid: false, expires at: 1763910281876
[debug] [2025-11-23T20:19:16.591Z] > refreshing access token with scopes: []
[debug] [2025-11-23T20:19:16.592Z] >>> [apiv2][query] POST https://www.googleapis.com/oauth2/v3/token [none]
[debug] [2025-11-23T20:19:16.592Z] >>> [apiv2][body] POST https://www.googleapis.com/oauth2/v3/token [omitted]
[debug] [2025-11-23T20:19:16.595Z] Checked if tokens are valid: false, expires at: 1763910281876
[debug] [2025-11-23T20:19:16.596Z] Checked if tokens are valid: false, expires at: 1763910281876
[debug] [2025-11-23T20:19:16.596Z] > refreshing access token with scopes: []
[debug] [2025-11-23T20:19:16.597Z] >>> [apiv2][query] POST https://www.googleapis.com/oauth2/v3/token [none]
[debug] [2025-11-23T20:19:16.597Z] >>> [apiv2][body] POST https://www.googleapis.com/oauth2/v3/token [omitted]
[debug] [2025-11-23T20:19:16.609Z] Checked if tokens are valid: false, expires at: 1763910281876
[debug] [2025-11-23T20:19:16.609Z] Checked if tokens are valid: false, expires at: 1763910281876
[debug] [2025-11-23T20:19:16.609Z] > refreshing access token with scopes: []
[debug] [2025-11-23T20:19:16.610Z] >>> [apiv2][query] POST https://www.googleapis.com/oauth2/v3/token [none]
[debug] [2025-11-23T20:19:16.610Z] >>> [apiv2][body] POST https://www.googleapis.com/oauth2/v3/token [omitted]
[debug] [2025-11-23T20:19:16.612Z] Checked if tokens are valid: false, expires at: 1763910281876
[debug] [2025-11-23T20:19:16.612Z] Checked if tokens are valid: false, expires at: 1763910281876
[debug] [2025-11-23T20:19:16.613Z] > refreshing access token with scopes: []
[debug] [2025-11-23T20:19:16.613Z] >>> [apiv2][query] POST https://www.googleapis.com/oauth2/v3/token [none]
[debug] [2025-11-23T20:19:16.613Z] >>> [apiv2][body] POST https://www.googleapis.com/oauth2/v3/token [omitted]
[debug] [2025-11-23T20:19:16.615Z] > command requires scopes: ["email","openid","https://www.googleapis.com/auth/cloudplatformprojects.readonly","https://www.googleapis.com/auth/firebase","https://www.googleapis.com/auth/cloud-platform","https://www.googleapis.com/auth/userinfo.email"]
[debug] [2025-11-23T20:19:16.615Z] > authorizing via signed-in user (alfecjo@gmail.com)
[debug] [2025-11-23T20:19:16.616Z] Checked if tokens are valid: false, expires at: 1763910281876
[debug] [2025-11-23T20:19:16.616Z] Checked if tokens are valid: false, expires at: 1763910281876
[debug] [2025-11-23T20:19:16.616Z] > refreshing access token with scopes: []
[debug] [2025-11-23T20:19:16.616Z] >>> [apiv2][query] POST https://www.googleapis.com/oauth2/v3/token [none]
[debug] [2025-11-23T20:19:16.616Z] >>> [apiv2][body] POST https://www.googleapis.com/oauth2/v3/token [omitted]
[debug] [2025-11-23T20:19:16.618Z] Checked if tokens are valid: false, expires at: 1763910281876
[debug] [2025-11-23T20:19:16.618Z] Checked if tokens are valid: false, expires at: 1763910281876
[debug] [2025-11-23T20:19:16.619Z] > refreshing access token with scopes: []
[debug] [2025-11-23T20:19:16.619Z] >>> [apiv2][query] POST https://www.googleapis.com/oauth2/v3/token [none]
[debug] [2025-11-23T20:19:16.619Z] >>> [apiv2][body] POST https://www.googleapis.com/oauth2/v3/token [omitted]
[debug] [2025-11-23T20:19:16.621Z] Checked if tokens are valid: false, expires at: 1763910281876
[debug] [2025-11-23T20:19:16.621Z] Checked if tokens are valid: false, expires at: 1763910281876
[debug] [2025-11-23T20:19:16.621Z] > refreshing access token with scopes: []
[debug] [2025-11-23T20:19:16.621Z] >>> [apiv2][query] POST https://www.googleapis.com/oauth2/v3/token [none]
[debug] [2025-11-23T20:19:16.622Z] >>> [apiv2][body] POST https://www.googleapis.com/oauth2/v3/token [omitted]
[debug] [2025-11-23T20:19:16.626Z] Checked if tokens are valid: false, expires at: 1763910281876
[debug] [2025-11-23T20:19:16.626Z] Checked if tokens are valid: false, expires at: 1763910281876
[debug] [2025-11-23T20:19:16.626Z] > refreshing access token with scopes: []
[debug] [2025-11-23T20:19:16.626Z] >>> [apiv2][query] POST https://www.googleapis.com/oauth2/v3/token [none]
[debug] [2025-11-23T20:19:16.626Z] >>> [apiv2][body] POST https://www.googleapis.com/oauth2/v3/token [omitted]
[debug] [2025-11-23T20:19:16.629Z] Checked if tokens are valid: false, expires at: 1763910281876
[debug] [2025-11-23T20:19:16.629Z] Checked if tokens are valid: false, expires at: 1763910281876
[debug] [2025-11-23T20:19:16.629Z] > refreshing access token with scopes: []
[debug] [2025-11-23T20:19:16.630Z] >>> [apiv2][query] POST https://www.googleapis.com/oauth2/v3/token [none]
[debug] [2025-11-23T20:19:16.630Z] >>> [apiv2][body] POST https://www.googleapis.com/oauth2/v3/token [omitted]
[debug] [2025-11-23T20:19:16.759Z] <<< [apiv2][status] POST https://www.googleapis.com/oauth2/v3/token 200
[debug] [2025-11-23T20:19:16.760Z] <<< [apiv2][body] POST https://www.googleapis.com/oauth2/v3/token [omitted]
[debug] [2025-11-23T20:19:16.794Z] >>> [apiv2][query] GET https://serviceusage.googleapis.com/v1/projects/amigoperto-08748252-c7657/services/firebaseapphosting.googleapis.com [none]
[debug] [2025-11-23T20:19:16.794Z] >>> [apiv2][(partial)header] GET https://serviceusage.googleapis.com/v1/projects/amigoperto-08748252-c7657/services/firebaseapphosting.googleapis.com x-goog-quota-user=projects/amigoperto-08748252-c7657
[debug] [2025-11-23T20:19:16.807Z] <<< [apiv2][status] POST https://www.googleapis.com/oauth2/v3/token 200
[debug] [2025-11-23T20:19:16.808Z] <<< [apiv2][body] POST https://www.googleapis.com/oauth2/v3/token [omitted]
[debug] [2025-11-23T20:19:16.826Z] >>> [apiv2][query] GET https://serviceusage.googleapis.com/v1/projects/amigoperto-08748252-c7657/services/firestore.googleapis.com [none]
[debug] [2025-11-23T20:19:16.826Z] >>> [apiv2][(partial)header] GET https://serviceusage.googleapis.com/v1/projects/amigoperto-08748252-c7657/services/firestore.googleapis.com x-goog-quota-user=projects/amigoperto-08748252-c7657
[debug] [2025-11-23T20:19:16.838Z] <<< [apiv2][status] POST https://www.googleapis.com/oauth2/v3/token 200
[debug] [2025-11-23T20:19:16.838Z] <<< [apiv2][body] POST https://www.googleapis.com/oauth2/v3/token [omitted]
[debug] [2025-11-23T20:19:16.856Z] >>> [apiv2][query] GET https://serviceusage.googleapis.com/v1/projects/amigoperto-08748252-c7657/services/firebaseio.com [none]
[debug] [2025-11-23T20:19:16.856Z] >>> [apiv2][(partial)header] GET https://serviceusage.googleapis.com/v1/projects/amigoperto-08748252-c7657/services/firebaseio.com x-goog-quota-user=projects/amigoperto-08748252-c7657
[debug] [2025-11-23T20:19:16.859Z] <<< [apiv2][status] POST https://www.googleapis.com/oauth2/v3/token 200
[debug] [2025-11-23T20:19:16.859Z] <<< [apiv2][body] POST https://www.googleapis.com/oauth2/v3/token [omitted]
[debug] [2025-11-23T20:19:16.873Z] >>> [apiv2][query] GET https://serviceusage.googleapis.com/v1/projects/amigoperto-08748252-c7657/services/firebaseapphosting.googleapis.com [none]
[debug] [2025-11-23T20:19:16.873Z] >>> [apiv2][(partial)header] GET https://serviceusage.googleapis.com/v1/projects/amigoperto-08748252-c7657/services/firebaseapphosting.googleapis.com x-goog-quota-user=projects/amigoperto-08748252-c7657
[debug] [2025-11-23T20:19:16.879Z] <<< [apiv2][status] POST https://www.googleapis.com/oauth2/v3/token 200
[debug] [2025-11-23T20:19:16.879Z] <<< [apiv2][body] POST https://www.googleapis.com/oauth2/v3/token [omitted]
[debug] [2025-11-23T20:19:16.898Z] >>> [apiv2][query] GET https://serviceusage.googleapis.com/v1/projects/amigoperto-08748252-c7657/services/firebasedataconnect.googleapis.com [none]
[debug] [2025-11-23T20:19:16.898Z] >>> [apiv2][(partial)header] GET https://serviceusage.googleapis.com/v1/projects/amigoperto-08748252-c7657/services/firebasedataconnect.googleapis.com x-goog-quota-user=projects/amigoperto-08748252-c7657
[debug] [2025-11-23T20:19:16.900Z] <<< [apiv2][status] POST https://www.googleapis.com/oauth2/v3/token 200
[debug] [2025-11-23T20:19:16.900Z] <<< [apiv2][body] POST https://www.googleapis.com/oauth2/v3/token [omitted]
[debug] [2025-11-23T20:19:16.915Z] >>> [apiv2][query] GET https://serviceusage.googleapis.com/v1/projects/amigoperto-08748252-c7657/services/firebaseio.com [none]
[debug] [2025-11-23T20:19:16.915Z] >>> [apiv2][(partial)header] GET https://serviceusage.googleapis.com/v1/projects/amigoperto-08748252-c7657/services/firebaseio.com x-goog-quota-user=projects/amigoperto-08748252-c7657
[debug] [2025-11-23T20:19:16.917Z] <<< [apiv2][status] POST https://www.googleapis.com/oauth2/v3/token 200
[debug] [2025-11-23T20:19:16.917Z] <<< [apiv2][body] POST https://www.googleapis.com/oauth2/v3/token [omitted]
[debug] [2025-11-23T20:19:16.930Z] >>> [apiv2][query] GET https://serviceusage.googleapis.com/v1/projects/amigoperto-08748252-c7657/services/cloudfunctions.googleapis.com [none]
[debug] [2025-11-23T20:19:16.930Z] >>> [apiv2][(partial)header] GET https://serviceusage.googleapis.com/v1/projects/amigoperto-08748252-c7657/services/cloudfunctions.googleapis.com x-goog-quota-user=projects/amigoperto-08748252-c7657
[debug] [2025-11-23T20:19:16.954Z] <<< [apiv2][status] POST https://www.googleapis.com/oauth2/v3/token 200
[debug] [2025-11-23T20:19:16.954Z] <<< [apiv2][body] POST https://www.googleapis.com/oauth2/v3/token [omitted]
[debug] [2025-11-23T20:19:16.969Z] >>> [apiv2][query] GET https://serviceusage.googleapis.com/v1/projects/amigoperto-08748252-c7657/services/firestore.googleapis.com [none]
[debug] [2025-11-23T20:19:16.969Z] >>> [apiv2][(partial)header] GET https://serviceusage.googleapis.com/v1/projects/amigoperto-08748252-c7657/services/firestore.googleapis.com x-goog-quota-user=projects/amigoperto-08748252-c7657
[debug] [2025-11-23T20:19:16.977Z] <<< [apiv2][status] POST https://www.googleapis.com/oauth2/v3/token 200
[debug] [2025-11-23T20:19:16.977Z] <<< [apiv2][body] POST https://www.googleapis.com/oauth2/v3/token [omitted]
[debug] [2025-11-23T20:19:16.992Z] >>> [apiv2][query] GET https://serviceusage.googleapis.com/v1/projects/amigoperto-08748252-c7657/services/cloudfunctions.googleapis.com [none]
[debug] [2025-11-23T20:19:16.992Z] >>> [apiv2][(partial)header] GET https://serviceusage.googleapis.com/v1/projects/amigoperto-08748252-c7657/services/cloudfunctions.googleapis.com x-goog-quota-user=projects/amigoperto-08748252-c7657
[debug] [2025-11-23T20:19:17.000Z] <<< [apiv2][status] POST https://www.googleapis.com/oauth2/v3/token 200
[debug] [2025-11-23T20:19:17.000Z] <<< [apiv2][body] POST https://www.googleapis.com/oauth2/v3/token [omitted]
[debug] [2025-11-23T20:19:17.016Z] >>> [apiv2][query] GET https://serviceusage.googleapis.com/v1/projects/amigoperto-08748252-c7657/services/firebasedataconnect.googleapis.com [none]
[debug] [2025-11-23T20:19:17.016Z] >>> [apiv2][(partial)header] GET https://serviceusage.googleapis.com/v1/projects/amigoperto-08748252-c7657/services/firebasedataconnect.googleapis.com x-goog-quota-user=projects/amigoperto-08748252-c7657
[debug] [2025-11-23T20:19:17.034Z] <<< [apiv2][status] GET https://serviceusage.googleapis.com/v1/projects/amigoperto-08748252-c7657/services/firebaseio.com 403
[debug] [2025-11-23T20:19:17.034Z] <<< [apiv2][body] GET https://serviceusage.googleapis.com/v1/projects/amigoperto-08748252-c7657/services/firebaseio.com [omitted]
[debug] [2025-11-23T20:19:17.040Z] <<< [apiv2][status] GET https://serviceusage.googleapis.com/v1/projects/amigoperto-08748252-c7657/services/firebaseio.com 403
[debug] [2025-11-23T20:19:17.040Z] <<< [apiv2][body] GET https://serviceusage.googleapis.com/v1/projects/amigoperto-08748252-c7657/services/firebaseio.com [omitted]
[debug] [2025-11-23T20:19:17.077Z] <<< [apiv2][status] GET https://serviceusage.googleapis.com/v1/projects/amigoperto-08748252-c7657/services/firebaseapphosting.googleapis.com 200
[debug] [2025-11-23T20:19:17.079Z] <<< [apiv2][body] GET https://serviceusage.googleapis.com/v1/projects/amigoperto-08748252-c7657/services/firebaseapphosting.googleapis.com [omitted]
[debug] [2025-11-23T20:19:17.080Z] <<< [apiv2][status] GET https://serviceusage.googleapis.com/v1/projects/amigoperto-08748252-c7657/services/firebaseapphosting.googleapis.com 200
[debug] [2025-11-23T20:19:17.080Z] <<< [apiv2][body] GET https://serviceusage.googleapis.com/v1/projects/amigoperto-08748252-c7657/services/firebaseapphosting.googleapis.com [omitted]
[debug] [2025-11-23T20:19:17.093Z] <<< [apiv2][status] GET https://serviceusage.googleapis.com/v1/projects/amigoperto-08748252-c7657/services/firebasedataconnect.googleapis.com 200
[debug] [2025-11-23T20:19:17.093Z] <<< [apiv2][body] GET https://serviceusage.googleapis.com/v1/projects/amigoperto-08748252-c7657/services/firebasedataconnect.googleapis.com [omitted]
[debug] [2025-11-23T20:19:17.100Z] <<< [apiv2][status] GET https://serviceusage.googleapis.com/v1/projects/amigoperto-08748252-c7657/services/firestore.googleapis.com 200
[debug] [2025-11-23T20:19:17.100Z] <<< [apiv2][body] GET https://serviceusage.googleapis.com/v1/projects/amigoperto-08748252-c7657/services/firestore.googleapis.com [omitted]
[debug] [2025-11-23T20:19:17.109Z] <<< [apiv2][status] GET https://serviceusage.googleapis.com/v1/projects/amigoperto-08748252-c7657/services/cloudfunctions.googleapis.com 200
[debug] [2025-11-23T20:19:17.109Z] <<< [apiv2][body] GET https://serviceusage.googleapis.com/v1/projects/amigoperto-08748252-c7657/services/cloudfunctions.googleapis.com [omitted]
[debug] [2025-11-23T20:19:17.120Z] <<< [apiv2][status] GET https://serviceusage.googleapis.com/v1/projects/amigoperto-08748252-c7657/services/firestore.googleapis.com 200
[debug] [2025-11-23T20:19:17.121Z] <<< [apiv2][body] GET https://serviceusage.googleapis.com/v1/projects/amigoperto-08748252-c7657/services/firestore.googleapis.com [omitted]
[debug] [2025-11-23T20:19:17.121Z] <<< [apiv2][status] GET https://serviceusage.googleapis.com/v1/projects/amigoperto-08748252-c7657/services/firebasedataconnect.googleapis.com 200
[debug] [2025-11-23T20:19:17.121Z] <<< [apiv2][body] GET https://serviceusage.googleapis.com/v1/projects/amigoperto-08748252-c7657/services/firebasedataconnect.googleapis.com [omitted]
[debug] [2025-11-23T20:19:17.142Z] <<< [apiv2][status] GET https://serviceusage.googleapis.com/v1/projects/amigoperto-08748252-c7657/services/cloudfunctions.googleapis.com 200
[debug] [2025-11-23T20:19:17.142Z] <<< [apiv2][body] GET https://serviceusage.googleapis.com/v1/projects/amigoperto-08748252-c7657/services/cloudfunctions.googleapis.com [omitted]
[error] Failed to fetch Firebase Project from Studio Workspace because WORKSPACE_SLUG environment variable is empty
[error] Failed to fetch Firebase Project from Studio Workspace because WORKSPACE_SLUG environment variable is empty
[error] Failed to fetch Firebase Project from Studio Workspace because WORKSPACE_SLUG environment variable is empty
[debug] [2025-11-23T20:19:17.147Z] > command requires scopes: ["email","openid","https://www.googleapis.com/auth/cloudplatformprojects.readonly","https://www.googleapis.com/auth/firebase","https://www.googleapis.com/auth/cloud-platform","https://www.googleapis.com/auth/userinfo.email"]
[debug] [2025-11-23T20:19:17.153Z] > authorizing via signed-in user (alfecjo@gmail.com)
[error] Failed to fetch Firebase Project from Studio Workspace because WORKSPACE_SLUG environment variable is empty
[debug] [2025-11-23T20:19:17.158Z] > command requires scopes: ["email","openid","https://www.googleapis.com/auth/cloudplatformprojects.readonly","https://www.googleapis.com/auth/firebase","https://www.googleapis.com/auth/cloud-platform","https://www.googleapis.com/auth/userinfo.email"]
[debug] [2025-11-23T20:19:17.159Z] > authorizing via signed-in user (alfecjo@gmail.com)
[error] Failed to fetch Firebase Project from Studio Workspace because WORKSPACE_SLUG environment variable is empty
[error] Failed to fetch Firebase Project from Studio Workspace because WORKSPACE_SLUG environment variable is empty
[error] Failed to fetch Firebase Project from Studio Workspace because WORKSPACE_SLUG environment variable is empty
[debug] [2025-11-23T20:19:17.182Z] > command requires scopes: ["email","openid","https://www.googleapis.com/auth/cloudplatformprojects.readonly","https://www.googleapis.com/auth/firebase","https://www.googleapis.com/auth/cloud-platform","https://www.googleapis.com/auth/userinfo.email"]
[debug] [2025-11-23T20:19:17.184Z] > authorizing via signed-in user (alfecjo@gmail.com)
[error] Failed to fetch Firebase Project from Studio Workspace because WORKSPACE_SLUG environment variable is empty
[debug] [2025-11-23T20:19:17.188Z] > command requires scopes: ["email","openid","https://www.googleapis.com/auth/cloudplatformprojects.readonly","https://www.googleapis.com/auth/firebase","https://www.googleapis.com/auth/cloud-platform","https://www.googleapis.com/auth/userinfo.email"]
[debug] [2025-11-23T20:19:17.188Z] > authorizing via signed-in user (alfecjo@gmail.com)
[error] Failed to fetch Firebase Project from Studio Workspace because WORKSPACE_SLUG environment variable is empty
[error] Failed to fetch Firebase Project from Studio Workspace because WORKSPACE_SLUG environment variable is empty
[error] Failed to fetch Firebase Project from Studio Workspace because WORKSPACE_SLUG environment variable is empty
[debug] [2025-11-23T20:19:17.194Z] > command requires scopes: ["email","openid","https://www.googleapis.com/auth/cloudplatformprojects.readonly","https://www.googleapis.com/auth/firebase","https://www.googleapis.com/auth/cloud-platform","https://www.googleapis.com/auth/userinfo.email"]
[debug] [2025-11-23T20:19:17.194Z] > authorizing via signed-in user (alfecjo@gmail.com)
[error] Failed to fetch Firebase Project from Studio Workspace because WORKSPACE_SLUG environment variable is empty
[debug] [2025-11-23T20:19:17.196Z] > command requires scopes: ["email","openid","https://www.googleapis.com/auth/cloudplatformprojects.readonly","https://www.googleapis.com/auth/firebase","https://www.googleapis.com/auth/cloud-platform","https://www.googleapis.com/auth/userinfo.email"]
[debug] [2025-11-23T20:19:17.196Z] > authorizing via signed-in user (alfecjo@gmail.com)
[error] Failed to fetch Firebase Project from Studio Workspace because WORKSPACE_SLUG environment variable is empty
[error] Failed to fetch Firebase Project from Studio Workspace because WORKSPACE_SLUG environment variable is empty
[error] Failed to fetch Firebase Project from Studio Workspace because WORKSPACE_SLUG environment variable is empty
[error] Failed to fetch Firebase Project from Studio Workspace because WORKSPACE_SLUG environment variable is empty
[debug] [2025-11-27T13:59:09.598Z] > command requires scopes: ["email","openid","https://www.googleapis.com/auth/cloudplatformprojects.readonly","https://www.googleapis.com/auth/firebase","https://www.googleapis.com/auth/cloud-platform","https://www.googleapis.com/auth/userinfo.email"]
[debug] [2025-11-27T13:59:09.599Z] > authorizing via signed-in user (alfecjo@gmail.com)
[debug] [2025-11-27T13:59:09.612Z] Checked if tokens are valid: false, expires at: 1763932756000
[debug] [2025-11-27T13:59:09.613Z] Checked if tokens are valid: false, expires at: 1763932756000
[debug] [2025-11-27T13:59:09.613Z] > refreshing access token with scopes: []
[debug] [2025-11-27T13:59:09.616Z] >>> [apiv2][query] POST https://www.googleapis.com/oauth2/v3/token [none]
[debug] [2025-11-27T13:59:09.616Z] >>> [apiv2][body] POST https://www.googleapis.com/oauth2/v3/token [omitted]
[debug] [2025-11-27T13:59:09.643Z] Checked if tokens are valid: false, expires at: 1763932756000
[debug] [2025-11-27T13:59:09.643Z] Checked if tokens are valid: false, expires at: 1763932756000
[debug] [2025-11-27T13:59:09.644Z] > refreshing access token with scopes: []
[debug] [2025-11-27T13:59:09.644Z] >>> [apiv2][query] POST https://www.googleapis.com/oauth2/v3/token [none]
[debug] [2025-11-27T13:59:09.644Z] >>> [apiv2][body] POST https://www.googleapis.com/oauth2/v3/token [omitted]
[debug] [2025-11-27T13:59:09.647Z] Checked if tokens are valid: false, expires at: 1763932756000
[debug] [2025-11-27T13:59:09.647Z] Checked if tokens are valid: false, expires at: 1763932756000
[debug] [2025-11-27T13:59:09.647Z] > refreshing access token with scopes: []
[debug] [2025-11-27T13:59:09.648Z] >>> [apiv2][query] POST https://www.googleapis.com/oauth2/v3/token [none]
[debug] [2025-11-27T13:59:09.648Z] >>> [apiv2][body] POST https://www.googleapis.com/oauth2/v3/token [omitted]
[debug] [2025-11-27T13:59:09.658Z] Checked if tokens are valid: false, expires at: 1763932756000
[debug] [2025-11-27T13:59:09.658Z] Checked if tokens are valid: false, expires at: 1763932756000
[debug] [2025-11-27T13:59:09.658Z] > refreshing access token with scopes: []
[debug] [2025-11-27T13:59:09.659Z] >>> [apiv2][query] POST https://www.googleapis.com/oauth2/v3/token [none]
[debug] [2025-11-27T13:59:09.659Z] >>> [apiv2][body] POST https://www.googleapis.com/oauth2/v3/token [omitted]
[debug] [2025-11-27T13:59:09.661Z] Checked if tokens are valid: false, expires at: 1763932756000
[debug] [2025-11-27T13:59:09.661Z] Checked if tokens are valid: false, expires at: 1763932756000
[debug] [2025-11-27T13:59:09.661Z] > refreshing access token with scopes: []
[debug] [2025-11-27T13:59:09.661Z] >>> [apiv2][query] POST https://www.googleapis.com/oauth2/v3/token [none]
[debug] [2025-11-27T13:59:09.661Z] >>> [apiv2][body] POST https://www.googleapis.com/oauth2/v3/token [omitted]
[debug] [2025-11-27T13:59:09.663Z] > command requires scopes: ["email","openid","https://www.googleapis.com/auth/cloudplatformprojects.readonly","https://www.googleapis.com/auth/firebase","https://www.googleapis.com/auth/cloud-platform","https://www.googleapis.com/auth/userinfo.email"]
[debug] [2025-11-27T13:59:09.663Z] > authorizing via signed-in user (alfecjo@gmail.com)
[debug] [2025-11-27T13:59:09.665Z] Checked if tokens are valid: false, expires at: 1763932756000
[debug] [2025-11-27T13:59:09.665Z] Checked if tokens are valid: false, expires at: 1763932756000
[debug] [2025-11-27T13:59:09.665Z] > refreshing access token with scopes: []
[debug] [2025-11-27T13:59:09.665Z] >>> [apiv2][query] POST https://www.googleapis.com/oauth2/v3/token [none]
[debug] [2025-11-27T13:59:09.665Z] >>> [apiv2][body] POST https://www.googleapis.com/oauth2/v3/token [omitted]
[debug] [2025-11-27T13:59:09.667Z] Checked if tokens are valid: false, expires at: 1763932756000
[debug] [2025-11-27T13:59:09.667Z] Checked if tokens are valid: false, expires at: 1763932756000
[debug] [2025-11-27T13:59:09.667Z] > refreshing access token with scopes: []
[debug] [2025-11-27T13:59:09.667Z] >>> [apiv2][query] POST https://www.googleapis.com/oauth2/v3/token [none]
[debug] [2025-11-27T13:59:09.667Z] >>> [apiv2][body] POST https://www.googleapis.com/oauth2/v3/token [omitted]
[debug] [2025-11-27T13:59:09.669Z] Checked if tokens are valid: false, expires at: 1763932756000
[debug] [2025-11-27T13:59:09.669Z] Checked if tokens are valid: false, expires at: 1763932756000
[debug] [2025-11-27T13:59:09.669Z] > refreshing access token with scopes: []
[debug] [2025-11-27T13:59:09.670Z] >>> [apiv2][query] POST https://www.googleapis.com/oauth2/v3/token [none]
[debug] [2025-11-27T13:59:09.670Z] >>> [apiv2][body] POST https://www.googleapis.com/oauth2/v3/token [omitted]
[debug] [2025-11-27T13:59:09.676Z] Checked if tokens are valid: false, expires at: 1763932756000
[debug] [2025-11-27T13:59:09.676Z] Checked if tokens are valid: false, expires at: 1763932756000
[debug] [2025-11-27T13:59:09.676Z] > refreshing access token with scopes: []
[debug] [2025-11-27T13:59:09.677Z] >>> [apiv2][query] POST https://www.googleapis.com/oauth2/v3/token [none]
[debug] [2025-11-27T13:59:09.677Z] >>> [apiv2][body] POST https://www.googleapis.com/oauth2/v3/token [omitted]
[debug] [2025-11-27T13:59:09.679Z] Checked if tokens are valid: false, expires at: 1763932756000
[debug] [2025-11-27T13:59:09.680Z] Checked if tokens are valid: false, expires at: 1763932756000
[debug] [2025-11-27T13:59:09.680Z] > refreshing access token with scopes: []
[debug] [2025-11-27T13:59:09.680Z] >>> [apiv2][query] POST https://www.googleapis.com/oauth2/v3/token [none]
[debug] [2025-11-27T13:59:09.680Z] >>> [apiv2][body] POST https://www.googleapis.com/oauth2/v3/token [omitted]
[debug] [2025-11-27T13:59:09.798Z] <<< [apiv2][status] POST https://www.googleapis.com/oauth2/v3/token 200
[debug] [2025-11-27T13:59:09.798Z] <<< [apiv2][body] POST https://www.googleapis.com/oauth2/v3/token [omitted]
[debug] [2025-11-27T13:59:09.820Z] >>> [apiv2][query] GET https://serviceusage.googleapis.com/v1/projects/amigoperto-08748252-c7657/services/firebaseapphosting.googleapis.com [none]
[debug] [2025-11-27T13:59:09.820Z] >>> [apiv2][(partial)header] GET https://serviceusage.googleapis.com/v1/projects/amigoperto-08748252-c7657/services/firebaseapphosting.googleapis.com x-goog-quota-user=projects/amigoperto-08748252-c7657
[debug] [2025-11-27T13:59:09.827Z] <<< [apiv2][status] POST https://www.googleapis.com/oauth2/v3/token 200
[debug] [2025-11-27T13:59:09.828Z] <<< [apiv2][body] POST https://www.googleapis.com/oauth2/v3/token [omitted]
[debug] [2025-11-27T13:59:09.846Z] >>> [apiv2][query] GET https://serviceusage.googleapis.com/v1/projects/amigoperto-08748252-c7657/services/firestore.googleapis.com [none]
[debug] [2025-11-27T13:59:09.847Z] >>> [apiv2][(partial)header] GET https://serviceusage.googleapis.com/v1/projects/amigoperto-08748252-c7657/services/firestore.googleapis.com x-goog-quota-user=projects/amigoperto-08748252-c7657
[debug] [2025-11-27T13:59:09.860Z] <<< [apiv2][status] POST https://www.googleapis.com/oauth2/v3/token 200
[debug] [2025-11-27T13:59:09.860Z] <<< [apiv2][body] POST https://www.googleapis.com/oauth2/v3/token [omitted]
[debug] [2025-11-27T13:59:09.874Z] >>> [apiv2][query] GET https://serviceusage.googleapis.com/v1/projects/amigoperto-08748252-c7657/services/firebasedataconnect.googleapis.com [none]
[debug] [2025-11-27T13:59:09.874Z] >>> [apiv2][(partial)header] GET https://serviceusage.googleapis.com/v1/projects/amigoperto-08748252-c7657/services/firebasedataconnect.googleapis.com x-goog-quota-user=projects/amigoperto-08748252-c7657
[debug] [2025-11-27T13:59:09.895Z] <<< [apiv2][status] POST https://www.googleapis.com/oauth2/v3/token 200
[debug] [2025-11-27T13:59:09.895Z] <<< [apiv2][body] POST https://www.googleapis.com/oauth2/v3/token [omitted]
[debug] [2025-11-27T13:59:09.910Z] >>> [apiv2][query] GET https://serviceusage.googleapis.com/v1/projects/amigoperto-08748252-c7657/services/firestore.googleapis.com [none]
[debug] [2025-11-27T13:59:09.910Z] >>> [apiv2][(partial)header] GET https://serviceusage.googleapis.com/v1/projects/amigoperto-08748252-c7657/services/firestore.googleapis.com x-goog-quota-user=projects/amigoperto-08748252-c7657
[debug] [2025-11-27T13:59:09.913Z] <<< [apiv2][status] POST https://www.googleapis.com/oauth2/v3/token 200
[debug] [2025-11-27T13:59:09.913Z] <<< [apiv2][body] POST https://www.googleapis.com/oauth2/v3/token [omitted]
[debug] [2025-11-27T13:59:09.925Z] >>> [apiv2][query] GET https://serviceusage.googleapis.com/v1/projects/amigoperto-08748252-c7657/services/firebaseio.com [none]
[debug] [2025-11-27T13:59:09.925Z] >>> [apiv2][(partial)header] GET https://serviceusage.googleapis.com/v1/projects/amigoperto-08748252-c7657/services/firebaseio.com x-goog-quota-user=projects/amigoperto-08748252-c7657
[debug] [2025-11-27T13:59:09.929Z] <<< [apiv2][status] POST https://www.googleapis.com/oauth2/v3/token 200
[debug] [2025-11-27T13:59:09.929Z] <<< [apiv2][body] POST https://www.googleapis.com/oauth2/v3/token [omitted]
[debug] [2025-11-27T13:59:09.942Z] >>> [apiv2][query] GET https://serviceusage.googleapis.com/v1/projects/amigoperto-08748252-c7657/services/firebaseio.com [none]
[debug] [2025-11-27T13:59:09.942Z] >>> [apiv2][(partial)header] GET https://serviceusage.googleapis.com/v1/projects/amigoperto-08748252-c7657/services/firebaseio.com x-goog-quota-user=projects/amigoperto-08748252-c7657
[debug] [2025-11-27T13:59:09.968Z] <<< [apiv2][status] POST https://www.googleapis.com/oauth2/v3/token 200
[debug] [2025-11-27T13:59:09.968Z] <<< [apiv2][body] POST https://www.googleapis.com/oauth2/v3/token [omitted]
[debug] [2025-11-27T13:59:09.985Z] >>> [apiv2][query] GET https://serviceusage.googleapis.com/v1/projects/amigoperto-08748252-c7657/services/firebaseapphosting.googleapis.com [none]
[debug] [2025-11-27T13:59:09.985Z] >>> [apiv2][(partial)header] GET https://serviceusage.googleapis.com/v1/projects/amigoperto-08748252-c7657/services/firebaseapphosting.googleapis.com x-goog-quota-user=projects/amigoperto-08748252-c7657
[debug] [2025-11-27T13:59:10.007Z] <<< [apiv2][status] GET https://serviceusage.googleapis.com/v1/projects/amigoperto-08748252-c7657/services/firebaseapphosting.googleapis.com 200
[debug] [2025-11-27T13:59:10.007Z] <<< [apiv2][body] GET https://serviceusage.googleapis.com/v1/projects/amigoperto-08748252-c7657/services/firebaseapphosting.googleapis.com [omitted]
[debug] [2025-11-27T13:59:10.010Z] <<< [apiv2][status] POST https://www.googleapis.com/oauth2/v3/token 200
[debug] [2025-11-27T13:59:10.010Z] <<< [apiv2][body] POST https://www.googleapis.com/oauth2/v3/token [omitted]
[debug] [2025-11-27T13:59:10.028Z] >>> [apiv2][query] GET https://serviceusage.googleapis.com/v1/projects/amigoperto-08748252-c7657/services/cloudfunctions.googleapis.com [none]
[debug] [2025-11-27T13:59:10.028Z] >>> [apiv2][(partial)header] GET https://serviceusage.googleapis.com/v1/projects/amigoperto-08748252-c7657/services/cloudfunctions.googleapis.com x-goog-quota-user=projects/amigoperto-08748252-c7657
[debug] [2025-11-27T13:59:10.035Z] <<< [apiv2][status] POST https://www.googleapis.com/oauth2/v3/token 200
[debug] [2025-11-27T13:59:10.035Z] <<< [apiv2][body] POST https://www.googleapis.com/oauth2/v3/token [omitted]
[debug] [2025-11-27T13:59:10.050Z] >>> [apiv2][query] GET https://serviceusage.googleapis.com/v1/projects/amigoperto-08748252-c7657/services/firebasedataconnect.googleapis.com [none]
[debug] [2025-11-27T13:59:10.050Z] >>> [apiv2][(partial)header] GET https://serviceusage.googleapis.com/v1/projects/amigoperto-08748252-c7657/services/firebasedataconnect.googleapis.com x-goog-quota-user=projects/amigoperto-08748252-c7657
[debug] [2025-11-27T13:59:10.052Z] <<< [apiv2][status] POST https://www.googleapis.com/oauth2/v3/token 200
[debug] [2025-11-27T13:59:10.052Z] <<< [apiv2][body] POST https://www.googleapis.com/oauth2/v3/token [omitted]
[debug] [2025-11-27T13:59:10.070Z] >>> [apiv2][query] GET https://serviceusage.googleapis.com/v1/projects/amigoperto-08748252-c7657/services/cloudfunctions.googleapis.com [none]
[debug] [2025-11-27T13:59:10.070Z] >>> [apiv2][(partial)header] GET https://serviceusage.googleapis.com/v1/projects/amigoperto-08748252-c7657/services/cloudfunctions.googleapis.com x-goog-quota-user=projects/amigoperto-08748252-c7657
[debug] [2025-11-27T13:59:10.103Z] <<< [apiv2][status] GET https://serviceusage.googleapis.com/v1/projects/amigoperto-08748252-c7657/services/firebaseio.com 403
[debug] [2025-11-27T13:59:10.103Z] <<< [apiv2][body] GET https://serviceusage.googleapis.com/v1/projects/amigoperto-08748252-c7657/services/firebaseio.com [omitted]
[debug] [2025-11-27T13:59:10.107Z] <<< [apiv2][status] GET https://serviceusage.googleapis.com/v1/projects/amigoperto-08748252-c7657/services/firebaseio.com 403
[debug] [2025-11-27T13:59:10.107Z] <<< [apiv2][body] GET https://serviceusage.googleapis.com/v1/projects/amigoperto-08748252-c7657/services/firebaseio.com [omitted]
[debug] [2025-11-27T13:59:10.113Z] <<< [apiv2][status] GET https://serviceusage.googleapis.com/v1/projects/amigoperto-08748252-c7657/services/firestore.googleapis.com 200
[debug] [2025-11-27T13:59:10.113Z] <<< [apiv2][body] GET https://serviceusage.googleapis.com/v1/projects/amigoperto-08748252-c7657/services/firestore.googleapis.com [omitted]
[debug] [2025-11-27T13:59:10.113Z] <<< [apiv2][status] GET https://serviceusage.googleapis.com/v1/projects/amigoperto-08748252-c7657/services/firebasedataconnect.googleapis.com 200
[debug] [2025-11-27T13:59:10.113Z] <<< [apiv2][body] GET https://serviceusage.googleapis.com/v1/projects/amigoperto-08748252-c7657/services/firebasedataconnect.googleapis.com [omitted]
[debug] [2025-11-27T13:59:10.122Z] <<< [apiv2][status] GET https://serviceusage.googleapis.com/v1/projects/amigoperto-08748252-c7657/services/firestore.googleapis.com 200
[debug] [2025-11-27T13:59:10.122Z] <<< [apiv2][body] GET https://serviceusage.googleapis.com/v1/projects/amigoperto-08748252-c7657/services/firestore.googleapis.com [omitted]
[debug] [2025-11-27T13:59:10.343Z] <<< [apiv2][status] GET https://serviceusage.googleapis.com/v1/projects/amigoperto-08748252-c7657/services/firebaseapphosting.googleapis.com 200
[debug] [2025-11-27T13:59:10.343Z] <<< [apiv2][body] GET https://serviceusage.googleapis.com/v1/projects/amigoperto-08748252-c7657/services/firebaseapphosting.googleapis.com [omitted]
[debug] [2025-11-27T13:59:10.352Z] <<< [apiv2][status] GET https://serviceusage.googleapis.com/v1/projects/amigoperto-08748252-c7657/services/firebasedataconnect.googleapis.com 200
[debug] [2025-11-27T13:59:10.352Z] <<< [apiv2][body] GET https://serviceusage.googleapis.com/v1/projects/amigoperto-08748252-c7657/services/firebasedataconnect.googleapis.com [omitted]
[debug] [2025-11-27T13:59:10.357Z] <<< [apiv2][status] GET https://serviceusage.googleapis.com/v1/projects/amigoperto-08748252-c7657/services/cloudfunctions.googleapis.com 200
[debug] [2025-11-27T13:59:10.357Z] <<< [apiv2][body] GET https://serviceusage.googleapis.com/v1/projects/amigoperto-08748252-c7657/services/cloudfunctions.googleapis.com [omitted]
[error] Failed to fetch Firebase Project from Studio Workspace because WORKSPACE_SLUG environment variable is empty
[error] Failed to fetch Firebase Project from Studio Workspace because WORKSPACE_SLUG environment variable is empty
[error] Failed to fetch Firebase Project from Studio Workspace because WORKSPACE_SLUG environment variable is empty
[debug] [2025-11-27T13:59:10.377Z] > command requires scopes: ["email","openid","https://www.googleapis.com/auth/cloudplatformprojects.readonly","https://www.googleapis.com/auth/firebase","https://www.googleapis.com/auth/cloud-platform","https://www.googleapis.com/auth/userinfo.email"]
[debug] [2025-11-27T13:59:10.377Z] > authorizing via signed-in user (alfecjo@gmail.com)
[error] Failed to fetch Firebase Project from Studio Workspace because WORKSPACE_SLUG environment variable is empty
[debug] [2025-11-27T13:59:10.380Z] > command requires scopes: ["email","openid","https://www.googleapis.com/auth/cloudplatformprojects.readonly","https://www.googleapis.com/auth/firebase","https://www.googleapis.com/auth/cloud-platform","https://www.googleapis.com/auth/userinfo.email"]
[debug] [2025-11-27T13:59:10.380Z] > authorizing via signed-in user (alfecjo@gmail.com)
[debug] [2025-11-27T13:59:10.384Z] <<< [apiv2][status] GET https://serviceusage.googleapis.com/v1/projects/amigoperto-08748252-c7657/services/cloudfunctions.googleapis.com 200
[debug] [2025-11-27T13:59:10.384Z] <<< [apiv2][body] GET https://serviceusage.googleapis.com/v1/projects/amigoperto-08748252-c7657/services/cloudfunctions.googleapis.com [omitted]
[error] Failed to fetch Firebase Project from Studio Workspace because WORKSPACE_SLUG environment variable is empty
[error] Failed to fetch Firebase Project from Studio Workspace because WORKSPACE_SLUG environment variable is empty
[error] Failed to fetch Firebase Project from Studio Workspace because WORKSPACE_SLUG environment variable is empty
[error] Failed to fetch Firebase Project from Studio Workspace because WORKSPACE_SLUG environment variable is empty
[error] Failed to fetch Firebase Project from Studio Workspace because WORKSPACE_SLUG environment variable is empty
[error] Failed to fetch Firebase Project from Studio Workspace because WORKSPACE_SLUG environment variable is empty
[debug] [2025-11-27T13:59:10.411Z] > command requires scopes: ["email","openid","https://www.googleapis.com/auth/cloudplatformprojects.readonly","https://www.googleapis.com/auth/firebase","https://www.googleapis.com/auth/cloud-platform","https://www.googleapis.com/auth/userinfo.email"]
[debug] [2025-11-27T13:59:10.411Z] > authorizing via signed-in user (alfecjo@gmail.com)
[debug] [2025-11-27T13:59:10.411Z] > command requires scopes: ["email","openid","https://www.googleapis.com/auth/cloudplatformprojects.readonly","https://www.googleapis.com/auth/firebase","https://www.googleapis.com/auth/cloud-platform","https://www.googleapis.com/auth/userinfo.email"]
[debug] [2025-11-27T13:59:10.411Z] > authorizing via signed-in user (alfecjo@gmail.com)
[error] Failed to fetch Firebase Project from Studio Workspace because WORKSPACE_SLUG environment variable is empty
[error] Failed to fetch Firebase Project from Studio Workspace because WORKSPACE_SLUG environment variable is empty
[debug] [2025-11-27T13:59:10.419Z] > command requires scopes: ["email","openid","https://www.googleapis.com/auth/cloudplatformprojects.readonly","https://www.googleapis.com/auth/firebase","https://www.googleapis.com/auth/cloud-platform","https://www.googleapis.com/auth/userinfo.email"]
[debug] [2025-11-27T13:59:10.419Z] > authorizing via signed-in user (alfecjo@gmail.com)
[debug] [2025-11-27T13:59:10.419Z] > command requires scopes: ["email","openid","https://www.googleapis.com/auth/cloudplatformprojects.readonly","https://www.googleapis.com/auth/firebase","https://www.googleapis.com/auth/cloud-platform","https://www.googleapis.com/auth/userinfo.email"]
[debug] [2025-11-27T13:59:10.420Z] > authorizing via signed-in user (alfecjo@gmail.com)
[error] Failed to fetch Firebase Project from Studio Workspace because WORKSPACE_SLUG environment variable is empty
[error] Failed to fetch Firebase Project from Studio Workspace because WORKSPACE_SLUG environment variable is empty
[error] Failed to fetch Firebase Project from Studio Workspace because WORKSPACE_SLUG environment variable is empty
[error] Failed to fetch Firebase Project from Studio Workspace because WORKSPACE_SLUG environment variable is empty
[debug] [2025-12-07T00:31:38.520Z] > command requires scopes: ["email","openid","https://www.googleapis.com/auth/cloudplatformprojects.readonly","https://www.googleapis.com/auth/firebase","https://www.googleapis.com/auth/cloud-platform","https://www.googleapis.com/auth/userinfo.email"]
[debug] [2025-12-07T00:31:38.521Z] > authorizing via signed-in user (alfecjo@gmail.com)
[debug] [2025-12-07T00:31:38.531Z] Checked if tokens are valid: false, expires at: 1764255549052
[debug] [2025-12-07T00:31:38.532Z] Checked if tokens are valid: false, expires at: 1764255549052
[debug] [2025-12-07T00:31:38.533Z] > refreshing access token with scopes: []
[debug] [2025-12-07T00:31:38.537Z] >>> [apiv2][query] POST https://www.googleapis.com/oauth2/v3/token [none]
[debug] [2025-12-07T00:31:38.537Z] >>> [apiv2][body] POST https://www.googleapis.com/oauth2/v3/token [omitted]
[debug] [2025-12-07T00:31:38.580Z] Checked if tokens are valid: false, expires at: 1764255549052
[debug] [2025-12-07T00:31:38.581Z] Checked if tokens are valid: false, expires at: 1764255549052
[debug] [2025-12-07T00:31:38.582Z] > refreshing access token with scopes: []
[debug] [2025-12-07T00:31:38.583Z] >>> [apiv2][query] POST https://www.googleapis.com/oauth2/v3/token [none]
[debug] [2025-12-07T00:31:38.583Z] >>> [apiv2][body] POST https://www.googleapis.com/oauth2/v3/token [omitted]
[debug] [2025-12-07T00:31:38.587Z] Checked if tokens are valid: false, expires at: 1764255549052
[debug] [2025-12-07T00:31:38.587Z] Checked if tokens are valid: false, expires at: 1764255549052
[debug] [2025-12-07T00:31:38.587Z] > refreshing access token with scopes: []
[debug] [2025-12-07T00:31:38.588Z] >>> [apiv2][query] POST https://www.googleapis.com/oauth2/v3/token [none]
[debug] [2025-12-07T00:31:38.588Z] >>> [apiv2][body] POST https://www.googleapis.com/oauth2/v3/token [omitted]
[debug] [2025-12-07T00:31:38.603Z] Checked if tokens are valid: false, expires at: 1764255549052
[debug] [2025-12-07T00:31:38.603Z] Checked if tokens are valid: false, expires at: 1764255549052
[debug] [2025-12-07T00:31:38.603Z] > refreshing access token with scopes: []
[debug] [2025-12-07T00:31:38.603Z] >>> [apiv2][query] POST https://www.googleapis.com/oauth2/v3/token [none]
[debug] [2025-12-07T00:31:38.604Z] >>> [apiv2][body] POST https://www.googleapis.com/oauth2/v3/token [omitted]
[debug] [2025-12-07T00:31:38.607Z] Checked if tokens are valid: false, expires at: 1764255549052
[debug] [2025-12-07T00:31:38.607Z] Checked if tokens are valid: false, expires at: 1764255549052
[debug] [2025-12-07T00:31:38.607Z] > refreshing access token with scopes: []
[debug] [2025-12-07T00:31:38.608Z] >>> [apiv2][query] POST https://www.googleapis.com/oauth2/v3/token [none]
[debug] [2025-12-07T00:31:38.608Z] >>> [apiv2][body] POST https://www.googleapis.com/oauth2/v3/token [omitted]
[debug] [2025-12-07T00:31:38.611Z] > command requires scopes: ["email","openid","https://www.googleapis.com/auth/cloudplatformprojects.readonly","https://www.googleapis.com/auth/firebase","https://www.googleapis.com/auth/cloud-platform","https://www.googleapis.com/auth/userinfo.email"]
[debug] [2025-12-07T00:31:38.611Z] > authorizing via signed-in user (alfecjo@gmail.com)
[debug] [2025-12-07T00:31:38.613Z] Checked if tokens are valid: false, expires at: 1764255549052
[debug] [2025-12-07T00:31:38.613Z] Checked if tokens are valid: false, expires at: 1764255549052
[debug] [2025-12-07T00:31:38.613Z] > refreshing access token with scopes: []
[debug] [2025-12-07T00:31:38.613Z] >>> [apiv2][query] POST https://www.googleapis.com/oauth2/v3/token [none]
[debug] [2025-12-07T00:31:38.614Z] >>> [apiv2][body] POST https://www.googleapis.com/oauth2/v3/token [omitted]
[debug] [2025-12-07T00:31:38.615Z] Checked if tokens are valid: false, expires at: 1764255549052
[debug] [2025-12-07T00:31:38.616Z] Checked if tokens are valid: false, expires at: 1764255549052
[debug] [2025-12-07T00:31:38.616Z] > refreshing access token with scopes: []
[debug] [2025-12-07T00:31:38.616Z] >>> [apiv2][query] POST https://www.googleapis.com/oauth2/v3/token [none]
[debug] [2025-12-07T00:31:38.616Z] >>> [apiv2][body] POST https://www.googleapis.com/oauth2/v3/token [omitted]
[debug] [2025-12-07T00:31:38.618Z] Checked if tokens are valid: false, expires at: 1764255549052
[debug] [2025-12-07T00:31:38.618Z] Checked if tokens are valid: false, expires at: 1764255549052
[debug] [2025-12-07T00:31:38.618Z] > refreshing access token with scopes: []
[debug] [2025-12-07T00:31:38.619Z] >>> [apiv2][query] POST https://www.googleapis.com/oauth2/v3/token [none]
[debug] [2025-12-07T00:31:38.619Z] >>> [apiv2][body] POST https://www.googleapis.com/oauth2/v3/token [omitted]
[debug] [2025-12-07T00:31:38.625Z] Checked if tokens are valid: false, expires at: 1764255549052
[debug] [2025-12-07T00:31:38.625Z] Checked if tokens are valid: false, expires at: 1764255549052
[debug] [2025-12-07T00:31:38.625Z] > refreshing access token with scopes: []
[debug] [2025-12-07T00:31:38.626Z] >>> [apiv2][query] POST https://www.googleapis.com/oauth2/v3/token [none]
[debug] [2025-12-07T00:31:38.626Z] >>> [apiv2][body] POST https://www.googleapis.com/oauth2/v3/token [omitted]
[debug] [2025-12-07T00:31:38.630Z] Checked if tokens are valid: false, expires at: 1764255549052
[debug] [2025-12-07T00:31:38.630Z] Checked if tokens are valid: false, expires at: 1764255549052
[debug] [2025-12-07T00:31:38.630Z] > refreshing access token with scopes: []
[debug] [2025-12-07T00:31:38.630Z] >>> [apiv2][query] POST https://www.googleapis.com/oauth2/v3/token [none]
[debug] [2025-12-07T00:31:38.631Z] >>> [apiv2][body] POST https://www.googleapis.com/oauth2/v3/token [omitted]
[debug] [2025-12-07T00:31:38.785Z] <<< [apiv2][status] POST https://www.googleapis.com/oauth2/v3/token 200
[debug] [2025-12-07T00:31:38.785Z] <<< [apiv2][body] POST https://www.googleapis.com/oauth2/v3/token [omitted]
[debug] [2025-12-07T00:31:38.819Z] >>> [apiv2][query] GET https://serviceusage.googleapis.com/v1/projects/amigoperto-08748252-c7657/services/firebasedataconnect.googleapis.com [none]
[debug] [2025-12-07T00:31:38.820Z] >>> [apiv2][(partial)header] GET https://serviceusage.googleapis.com/v1/projects/amigoperto-08748252-c7657/services/firebasedataconnect.googleapis.com x-goog-quota-user=projects/amigoperto-08748252-c7657
[debug] [2025-12-07T00:31:38.823Z] <<< [apiv2][status] POST https://www.googleapis.com/oauth2/v3/token 200
[debug] [2025-12-07T00:31:38.823Z] <<< [apiv2][body] POST https://www.googleapis.com/oauth2/v3/token [omitted]
[debug] [2025-12-07T00:31:38.837Z] >>> [apiv2][query] GET https://serviceusage.googleapis.com/v1/projects/amigoperto-08748252-c7657/services/firebaseio.com [none]
[debug] [2025-12-07T00:31:38.837Z] >>> [apiv2][(partial)header] GET https://serviceusage.googleapis.com/v1/projects/amigoperto-08748252-c7657/services/firebaseio.com x-goog-quota-user=projects/amigoperto-08748252-c7657
[debug] [2025-12-07T00:31:38.848Z] <<< [apiv2][status] POST https://www.googleapis.com/oauth2/v3/token 200
[debug] [2025-12-07T00:31:38.849Z] <<< [apiv2][body] POST https://www.googleapis.com/oauth2/v3/token [omitted]
[debug] [2025-12-07T00:31:38.863Z] >>> [apiv2][query] GET https://serviceusage.googleapis.com/v1/projects/amigoperto-08748252-c7657/services/firestore.googleapis.com [none]
[debug] [2025-12-07T00:31:38.863Z] >>> [apiv2][(partial)header] GET https://serviceusage.googleapis.com/v1/projects/amigoperto-08748252-c7657/services/firestore.googleapis.com x-goog-quota-user=projects/amigoperto-08748252-c7657
[debug] [2025-12-07T00:31:38.870Z] <<< [apiv2][status] POST https://www.googleapis.com/oauth2/v3/token 200
[debug] [2025-12-07T00:31:38.870Z] <<< [apiv2][body] POST https://www.googleapis.com/oauth2/v3/token [omitted]
[debug] [2025-12-07T00:31:38.888Z] >>> [apiv2][query] GET https://serviceusage.googleapis.com/v1/projects/amigoperto-08748252-c7657/services/firestore.googleapis.com [none]
[debug] [2025-12-07T00:31:38.888Z] >>> [apiv2][(partial)header] GET https://serviceusage.googleapis.com/v1/projects/amigoperto-08748252-c7657/services/firestore.googleapis.com x-goog-quota-user=projects/amigoperto-08748252-c7657
[debug] [2025-12-07T00:31:38.913Z] <<< [apiv2][status] POST https://www.googleapis.com/oauth2/v3/token 200
[debug] [2025-12-07T00:31:38.914Z] <<< [apiv2][body] POST https://www.googleapis.com/oauth2/v3/token [omitted]
[debug] [2025-12-07T00:31:38.935Z] >>> [apiv2][query] GET https://serviceusage.googleapis.com/v1/projects/amigoperto-08748252-c7657/services/firebaseapphosting.googleapis.com [none]
[debug] [2025-12-07T00:31:38.935Z] >>> [apiv2][(partial)header] GET https://serviceusage.googleapis.com/v1/projects/amigoperto-08748252-c7657/services/firebaseapphosting.googleapis.com x-goog-quota-user=projects/amigoperto-08748252-c7657
[debug] [2025-12-07T00:31:38.968Z] <<< [apiv2][status] POST https://www.googleapis.com/oauth2/v3/token 200
[debug] [2025-12-07T00:31:38.968Z] <<< [apiv2][body] POST https://www.googleapis.com/oauth2/v3/token [omitted]
[debug] [2025-12-07T00:31:38.986Z] >>> [apiv2][query] GET https://serviceusage.googleapis.com/v1/projects/amigoperto-08748252-c7657/services/cloudfunctions.googleapis.com [none]
[debug] [2025-12-07T00:31:38.987Z] >>> [apiv2][(partial)header] GET https://serviceusage.googleapis.com/v1/projects/amigoperto-08748252-c7657/services/cloudfunctions.googleapis.com x-goog-quota-user=projects/amigoperto-08748252-c7657
[debug] [2025-12-07T00:31:39.040Z] <<< [apiv2][status] POST https://www.googleapis.com/oauth2/v3/token 200
[debug] [2025-12-07T00:31:39.040Z] <<< [apiv2][body] POST https://www.googleapis.com/oauth2/v3/token [omitted]
[debug] [2025-12-07T00:31:39.059Z] >>> [apiv2][query] GET https://serviceusage.googleapis.com/v1/projects/amigoperto-08748252-c7657/services/cloudfunctions.googleapis.com [none]
[debug] [2025-12-07T00:31:39.059Z] >>> [apiv2][(partial)header] GET https://serviceusage.googleapis.com/v1/projects/amigoperto-08748252-c7657/services/cloudfunctions.googleapis.com x-goog-quota-user=projects/amigoperto-08748252-c7657
[debug] [2025-12-07T00:31:39.081Z] <<< [apiv2][status] POST https://www.googleapis.com/oauth2/v3/token 200
[debug] [2025-12-07T00:31:39.081Z] <<< [apiv2][body] POST https://www.googleapis.com/oauth2/v3/token [omitted]
[debug] [2025-12-07T00:31:39.103Z] >>> [apiv2][query] GET https://serviceusage.googleapis.com/v1/projects/amigoperto-08748252-c7657/services/firebasedataconnect.googleapis.com [none]
[debug] [2025-12-07T00:31:39.103Z] >>> [apiv2][(partial)header] GET https://serviceusage.googleapis.com/v1/projects/amigoperto-08748252-c7657/services/firebasedataconnect.googleapis.com x-goog-quota-user=projects/amigoperto-08748252-c7657
[debug] [2025-12-07T00:31:39.107Z] <<< [apiv2][status] POST https://www.googleapis.com/oauth2/v3/token 200
[debug] [2025-12-07T00:31:39.108Z] <<< [apiv2][body] POST https://www.googleapis.com/oauth2/v3/token [omitted]
[debug] [2025-12-07T00:31:39.131Z] >>> [apiv2][query] GET https://serviceusage.googleapis.com/v1/projects/amigoperto-08748252-c7657/services/firebaseapphosting.googleapis.com [none]
[debug] [2025-12-07T00:31:39.132Z] >>> [apiv2][(partial)header] GET https://serviceusage.googleapis.com/v1/projects/amigoperto-08748252-c7657/services/firebaseapphosting.googleapis.com x-goog-quota-user=projects/amigoperto-08748252-c7657
[debug] [2025-12-07T00:31:39.133Z] <<< [apiv2][status] POST https://www.googleapis.com/oauth2/v3/token 200
[debug] [2025-12-07T00:31:39.133Z] <<< [apiv2][body] POST https://www.googleapis.com/oauth2/v3/token [omitted]
[debug] [2025-12-07T00:31:39.146Z] >>> [apiv2][query] GET https://serviceusage.googleapis.com/v1/projects/amigoperto-08748252-c7657/services/firebaseio.com [none]
[debug] [2025-12-07T00:31:39.146Z] >>> [apiv2][(partial)header] GET https://serviceusage.googleapis.com/v1/projects/amigoperto-08748252-c7657/services/firebaseio.com x-goog-quota-user=projects/amigoperto-08748252-c7657
[debug] [2025-12-07T00:31:39.165Z] <<< [apiv2][status] GET https://serviceusage.googleapis.com/v1/projects/amigoperto-08748252-c7657/services/firestore.googleapis.com 200
[debug] [2025-12-07T00:31:39.165Z] <<< [apiv2][body] GET https://serviceusage.googleapis.com/v1/projects/amigoperto-08748252-c7657/services/firestore.googleapis.com [omitted]
[debug] [2025-12-07T00:31:39.181Z] <<< [apiv2][status] GET https://serviceusage.googleapis.com/v1/projects/amigoperto-08748252-c7657/services/firebasedataconnect.googleapis.com 200
[debug] [2025-12-07T00:31:39.181Z] <<< [apiv2][body] GET https://serviceusage.googleapis.com/v1/projects/amigoperto-08748252-c7657/services/firebasedataconnect.googleapis.com [omitted]
[debug] [2025-12-07T00:31:39.190Z] <<< [apiv2][status] GET https://serviceusage.googleapis.com/v1/projects/amigoperto-08748252-c7657/services/cloudfunctions.googleapis.com 200
[debug] [2025-12-07T00:31:39.190Z] <<< [apiv2][body] GET https://serviceusage.googleapis.com/v1/projects/amigoperto-08748252-c7657/services/cloudfunctions.googleapis.com [omitted]
[debug] [2025-12-07T00:31:39.194Z] <<< [apiv2][status] GET https://serviceusage.googleapis.com/v1/projects/amigoperto-08748252-c7657/services/firebaseapphosting.googleapis.com 200
[debug] [2025-12-07T00:31:39.194Z] <<< [apiv2][body] GET https://serviceusage.googleapis.com/v1/projects/amigoperto-08748252-c7657/services/firebaseapphosting.googleapis.com [omitted]
[debug] [2025-12-07T00:31:39.197Z] <<< [apiv2][status] GET https://serviceusage.googleapis.com/v1/projects/amigoperto-08748252-c7657/services/firebaseio.com 403
[debug] [2025-12-07T00:31:39.197Z] <<< [apiv2][body] GET https://serviceusage.googleapis.com/v1/projects/amigoperto-08748252-c7657/services/firebaseio.com [omitted]
[debug] [2025-12-07T00:31:39.211Z] <<< [apiv2][status] GET https://serviceusage.googleapis.com/v1/projects/amigoperto-08748252-c7657/services/firestore.googleapis.com 200
[debug] [2025-12-07T00:31:39.211Z] <<< [apiv2][body] GET https://serviceusage.googleapis.com/v1/projects/amigoperto-08748252-c7657/services/firestore.googleapis.com [omitted]
[debug] [2025-12-07T00:31:39.213Z] <<< [apiv2][status] GET https://serviceusage.googleapis.com/v1/projects/amigoperto-08748252-c7657/services/cloudfunctions.googleapis.com 200
[debug] [2025-12-07T00:31:39.213Z] <<< [apiv2][body] GET https://serviceusage.googleapis.com/v1/projects/amigoperto-08748252-c7657/services/cloudfunctions.googleapis.com [omitted]
[debug] [2025-12-07T00:31:39.223Z] <<< [apiv2][status] GET https://serviceusage.googleapis.com/v1/projects/amigoperto-08748252-c7657/services/firebasedataconnect.googleapis.com 200
[debug] [2025-12-07T00:31:39.223Z] <<< [apiv2][body] GET https://serviceusage.googleapis.com/v1/projects/amigoperto-08748252-c7657/services/firebasedataconnect.googleapis.com [omitted]
[debug] [2025-12-07T00:31:39.238Z] <<< [apiv2][status] GET https://serviceusage.googleapis.com/v1/projects/amigoperto-08748252-c7657/services/firebaseio.com 403
[debug] [2025-12-07T00:31:39.238Z] <<< [apiv2][body] GET https://serviceusage.googleapis.com/v1/projects/amigoperto-08748252-c7657/services/firebaseio.com [omitted]
[debug] [2025-12-07T00:31:39.248Z] <<< [apiv2][status] GET https://serviceusage.googleapis.com/v1/projects/amigoperto-08748252-c7657/services/firebaseapphosting.googleapis.com 200
[debug] [2025-12-07T00:31:39.248Z] <<< [apiv2][body] GET https://serviceusage.googleapis.com/v1/projects/amigoperto-08748252-c7657/services/firebaseapphosting.googleapis.com [omitted]
[error] Failed to fetch Firebase Project from Studio Workspace because WORKSPACE_SLUG environment variable is empty
[error] Failed to fetch Firebase Project from Studio Workspace because WORKSPACE_SLUG environment variable is empty
[error] Failed to fetch Firebase Project from Studio Workspace because WORKSPACE_SLUG environment variable is empty
[debug] [2025-12-07T00:31:39.264Z] > command requires scopes: ["email","openid","https://www.googleapis.com/auth/cloudplatformprojects.readonly","https://www.googleapis.com/auth/firebase","https://www.googleapis.com/auth/cloud-platform","https://www.googleapis.com/auth/userinfo.email"]
[debug] [2025-12-07T00:31:39.264Z] > authorizing via signed-in user (alfecjo@gmail.com)
[error] Failed to fetch Firebase Project from Studio Workspace because WORKSPACE_SLUG environment variable is empty
[debug] [2025-12-07T00:31:39.270Z] > command requires scopes: ["email","openid","https://www.googleapis.com/auth/cloudplatformprojects.readonly","https://www.googleapis.com/auth/firebase","https://www.googleapis.com/auth/cloud-platform","https://www.googleapis.com/auth/userinfo.email"]
[debug] [2025-12-07T00:31:39.274Z] > authorizing via signed-in user (alfecjo@gmail.com)
[error] Failed to fetch Firebase Project from Studio Workspace because WORKSPACE_SLUG environment variable is empty
[error] Failed to fetch Firebase Project from Studio Workspace because WORKSPACE_SLUG environment variable is empty
[error] Failed to fetch Firebase Project from Studio Workspace because WORKSPACE_SLUG environment variable is empty
[debug] [2025-12-07T00:31:39.301Z] > command requires scopes: ["email","openid","https://www.googleapis.com/auth/cloudplatformprojects.readonly","https://www.googleapis.com/auth/firebase","https://www.googleapis.com/auth/cloud-platform","https://www.googleapis.com/auth/userinfo.email"]
[debug] [2025-12-07T00:31:39.309Z] > authorizing via signed-in user (alfecjo@gmail.com)
[error] Failed to fetch Firebase Project from Studio Workspace because WORKSPACE_SLUG environment variable is empty
[debug] [2025-12-07T00:31:39.315Z] > command requires scopes: ["email","openid","https://www.googleapis.com/auth/cloudplatformprojects.readonly","https://www.googleapis.com/auth/firebase","https://www.googleapis.com/auth/cloud-platform","https://www.googleapis.com/auth/userinfo.email"]
[debug] [2025-12-07T00:31:39.315Z] > authorizing via signed-in user (alfecjo@gmail.com)
[error] Failed to fetch Firebase Project from Studio Workspace because WORKSPACE_SLUG environment variable is empty
[error] Failed to fetch Firebase Project from Studio Workspace because WORKSPACE_SLUG environment variable is empty
[error] Failed to fetch Firebase Project from Studio Workspace because WORKSPACE_SLUG environment variable is empty
[debug] [2025-12-07T00:31:39.321Z] > command requires scopes: ["email","openid","https://www.googleapis.com/auth/cloudplatformprojects.readonly","https://www.googleapis.com/auth/firebase","https://www.googleapis.com/auth/cloud-platform","https://www.googleapis.com/auth/userinfo.email"]
[debug] [2025-12-07T00:31:39.324Z] > authorizing via signed-in user (alfecjo@gmail.com)
[error] Failed to fetch Firebase Project from Studio Workspace because WORKSPACE_SLUG environment variable is empty
[debug] [2025-12-07T00:31:39.326Z] > command requires scopes: ["email","openid","https://www.googleapis.com/auth/cloudplatformprojects.readonly","https://www.googleapis.com/auth/firebase","https://www.googleapis.com/auth/cloud-platform","https://www.googleapis.com/auth/userinfo.email"]
[debug] [2025-12-07T00:31:39.326Z] > authorizing via signed-in user (alfecjo@gmail.com)
[error] Failed to fetch Firebase Project from Studio Workspace because WORKSPACE_SLUG environment variable is empty
[error] Failed to fetch Firebase Project from Studio Workspace because WORKSPACE_SLUG environment variable is empty
[error] Failed to fetch Firebase Project from Studio Workspace because WORKSPACE_SLUG environment variable is empty
[error] Failed to fetch Firebase Project from Studio Workspace because WORKSPACE_SLUG environment variable is empty
[debug] [2025-12-12T16:37:00.618Z] > command requires scopes: ["email","openid","https://www.googleapis.com/auth/cloudplatformprojects.readonly","https://www.googleapis.com/auth/firebase","https://www.googleapis.com/auth/cloud-platform","https://www.googleapis.com/auth/userinfo.email"]
[debug] [2025-12-12T16:37:00.619Z] > authorizing via signed-in user (alfecjo@gmail.com)
[debug] [2025-12-12T16:37:00.636Z] Checked if tokens are valid: false, expires at: 1765071098134
[debug] [2025-12-12T16:37:00.641Z] Checked if tokens are valid: false, expires at: 1765071098134
[debug] [2025-12-12T16:37:00.641Z] > refreshing access token with scopes: []
[debug] [2025-12-12T16:37:00.648Z] >>> [apiv2][query] POST https://www.googleapis.com/oauth2/v3/token [none]
[debug] [2025-12-12T16:37:00.648Z] >>> [apiv2][body] POST https://www.googleapis.com/oauth2/v3/token [omitted]
[debug] [2025-12-12T16:37:00.676Z] Checked if tokens are valid: false, expires at: 1765071098134
[debug] [2025-12-12T16:37:00.677Z] Checked if tokens are valid: false, expires at: 1765071098134
[debug] [2025-12-12T16:37:00.677Z] > refreshing access token with scopes: []
[debug] [2025-12-12T16:37:00.678Z] >>> [apiv2][query] POST https://www.googleapis.com/oauth2/v3/token [none]
[debug] [2025-12-12T16:37:00.678Z] >>> [apiv2][body] POST https://www.googleapis.com/oauth2/v3/token [omitted]
[debug] [2025-12-12T16:37:00.681Z] Checked if tokens are valid: false, expires at: 1765071098134
[debug] [2025-12-12T16:37:00.682Z] Checked if tokens are valid: false, expires at: 1765071098134
[debug] [2025-12-12T16:37:00.682Z] > refreshing access token with scopes: []
[debug] [2025-12-12T16:37:00.683Z] >>> [apiv2][query] POST https://www.googleapis.com/oauth2/v3/token [none]
[debug] [2025-12-12T16:37:00.683Z] >>> [apiv2][body] POST https://www.googleapis.com/oauth2/v3/token [omitted]
[debug] [2025-12-12T16:37:00.695Z] Checked if tokens are valid: false, expires at: 1765071098134
[debug] [2025-12-12T16:37:00.696Z] Checked if tokens are valid: false, expires at: 1765071098134
[debug] [2025-12-12T16:37:00.696Z] > refreshing access token with scopes: []
[debug] [2025-12-12T16:37:00.696Z] >>> [apiv2][query] POST https://www.googleapis.com/oauth2/v3/token [none]
[debug] [2025-12-12T16:37:00.696Z] >>> [apiv2][body] POST https://www.googleapis.com/oauth2/v3/token [omitted]
[debug] [2025-12-12T16:37:00.700Z] Checked if tokens are valid: false, expires at: 1765071098134
[debug] [2025-12-12T16:37:00.700Z] Checked if tokens are valid: false, expires at: 1765071098134
[debug] [2025-12-12T16:37:00.700Z] > refreshing access token with scopes: []
[debug] [2025-12-12T16:37:00.700Z] >>> [apiv2][query] POST https://www.googleapis.com/oauth2/v3/token [none]
[debug] [2025-12-12T16:37:00.701Z] >>> [apiv2][body] POST https://www.googleapis.com/oauth2/v3/token [omitted]
[debug] [2025-12-12T16:37:00.703Z] > command requires scopes: ["email","openid","https://www.googleapis.com/auth/cloudplatformprojects.readonly","https://www.googleapis.com/auth/firebase","https://www.googleapis.com/auth/cloud-platform","https://www.googleapis.com/auth/userinfo.email"]
[debug] [2025-12-12T16:37:00.703Z] > authorizing via signed-in user (alfecjo@gmail.com)
[debug] [2025-12-12T16:37:00.704Z] Checked if tokens are valid: false, expires at: 1765071098134
[debug] [2025-12-12T16:37:00.704Z] Checked if tokens are valid: false, expires at: 1765071098134
[debug] [2025-12-12T16:37:00.705Z] > refreshing access token with scopes: []
[debug] [2025-12-12T16:37:00.705Z] >>> [apiv2][query] POST https://www.googleapis.com/oauth2/v3/token [none]
[debug] [2025-12-12T16:37:00.705Z] >>> [apiv2][body] POST https://www.googleapis.com/oauth2/v3/token [omitted]
[debug] [2025-12-12T16:37:00.707Z] Checked if tokens are valid: false, expires at: 1765071098134
[debug] [2025-12-12T16:37:00.707Z] Checked if tokens are valid: false, expires at: 1765071098134
[debug] [2025-12-12T16:37:00.707Z] > refreshing access token with scopes: []
[debug] [2025-12-12T16:37:00.707Z] >>> [apiv2][query] POST https://www.googleapis.com/oauth2/v3/token [none]
[debug] [2025-12-12T16:37:00.707Z] >>> [apiv2][body] POST https://www.googleapis.com/oauth2/v3/token [omitted]
[debug] [2025-12-12T16:37:00.709Z] Checked if tokens are valid: false, expires at: 1765071098134
[debug] [2025-12-12T16:37:00.709Z] Checked if tokens are valid: false, expires at: 1765071098134
[debug] [2025-12-12T16:37:00.710Z] > refreshing access token with scopes: []
[debug] [2025-12-12T16:37:00.710Z] >>> [apiv2][query] POST https://www.googleapis.com/oauth2/v3/token [none]
[debug] [2025-12-12T16:37:00.710Z] >>> [apiv2][body] POST https://www.googleapis.com/oauth2/v3/token [omitted]
[debug] [2025-12-12T16:37:00.715Z] Checked if tokens are valid: false, expires at: 1765071098134
[debug] [2025-12-12T16:37:00.715Z] Checked if tokens are valid: false, expires at: 1765071098134
[debug] [2025-12-12T16:37:00.715Z] > refreshing access token with scopes: []
[debug] [2025-12-12T16:37:00.716Z] >>> [apiv2][query] POST https://www.googleapis.com/oauth2/v3/token [none]
[debug] [2025-12-12T16:37:00.716Z] >>> [apiv2][body] POST https://www.googleapis.com/oauth2/v3/token [omitted]
[debug] [2025-12-12T16:37:00.718Z] Checked if tokens are valid: false, expires at: 1765071098134
[debug] [2025-12-12T16:37:00.718Z] Checked if tokens are valid: false, expires at: 1765071098134
[debug] [2025-12-12T16:37:00.718Z] > refreshing access token with scopes: []
[debug] [2025-12-12T16:37:00.719Z] >>> [apiv2][query] POST https://www.googleapis.com/oauth2/v3/token [none]
[debug] [2025-12-12T16:37:00.719Z] >>> [apiv2][body] POST https://www.googleapis.com/oauth2/v3/token [omitted]
[debug] [2025-12-12T16:37:00.905Z] <<< [apiv2][status] POST https://www.googleapis.com/oauth2/v3/token 200
[debug] [2025-12-12T16:37:00.905Z] <<< [apiv2][body] POST https://www.googleapis.com/oauth2/v3/token [omitted]
[debug] [2025-12-12T16:37:00.934Z] >>> [apiv2][query] GET https://serviceusage.googleapis.com/v1/projects/amigoperto-08748252-c7657/services/firebaseapphosting.googleapis.com [none]
[debug] [2025-12-12T16:37:00.934Z] >>> [apiv2][(partial)header] GET https://serviceusage.googleapis.com/v1/projects/amigoperto-08748252-c7657/services/firebaseapphosting.googleapis.com x-goog-quota-user=projects/amigoperto-08748252-c7657
[debug] [2025-12-12T16:37:00.939Z] <<< [apiv2][status] POST https://www.googleapis.com/oauth2/v3/token 200
[debug] [2025-12-12T16:37:00.940Z] <<< [apiv2][body] POST https://www.googleapis.com/oauth2/v3/token [omitted]
[debug] [2025-12-12T16:37:00.961Z] >>> [apiv2][query] GET https://serviceusage.googleapis.com/v1/projects/amigoperto-08748252-c7657/services/firestore.googleapis.com [none]
[debug] [2025-12-12T16:37:00.961Z] >>> [apiv2][(partial)header] GET https://serviceusage.googleapis.com/v1/projects/amigoperto-08748252-c7657/services/firestore.googleapis.com x-goog-quota-user=projects/amigoperto-08748252-c7657
[debug] [2025-12-12T16:37:00.964Z] <<< [apiv2][status] POST https://www.googleapis.com/oauth2/v3/token 200
[debug] [2025-12-12T16:37:00.964Z] <<< [apiv2][body] POST https://www.googleapis.com/oauth2/v3/token [omitted]
[debug] [2025-12-12T16:37:00.980Z] >>> [apiv2][query] GET https://serviceusage.googleapis.com/v1/projects/amigoperto-08748252-c7657/services/firebaseio.com [none]
[debug] [2025-12-12T16:37:00.980Z] >>> [apiv2][(partial)header] GET https://serviceusage.googleapis.com/v1/projects/amigoperto-08748252-c7657/services/firebaseio.com x-goog-quota-user=projects/amigoperto-08748252-c7657
[debug] [2025-12-12T16:37:00.990Z] <<< [apiv2][status] POST https://www.googleapis.com/oauth2/v3/token 200
[debug] [2025-12-12T16:37:00.990Z] <<< [apiv2][body] POST https://www.googleapis.com/oauth2/v3/token [omitted]
[debug] [2025-12-12T16:37:01.012Z] >>> [apiv2][query] GET https://serviceusage.googleapis.com/v1/projects/amigoperto-08748252-c7657/services/firebasedataconnect.googleapis.com [none]
[debug] [2025-12-12T16:37:01.013Z] >>> [apiv2][(partial)header] GET https://serviceusage.googleapis.com/v1/projects/amigoperto-08748252-c7657/services/firebasedataconnect.googleapis.com x-goog-quota-user=projects/amigoperto-08748252-c7657
[debug] [2025-12-12T16:37:01.064Z] <<< [apiv2][status] POST https://www.googleapis.com/oauth2/v3/token 200
[debug] [2025-12-12T16:37:01.065Z] <<< [apiv2][body] POST https://www.googleapis.com/oauth2/v3/token [omitted]
[debug] [2025-12-12T16:37:01.093Z] >>> [apiv2][query] GET https://serviceusage.googleapis.com/v1/projects/amigoperto-08748252-c7657/services/firebaseio.com [none]
[debug] [2025-12-12T16:37:01.094Z] >>> [apiv2][(partial)header] GET https://serviceusage.googleapis.com/v1/projects/amigoperto-08748252-c7657/services/firebaseio.com x-goog-quota-user=projects/amigoperto-08748252-c7657
[debug] [2025-12-12T16:37:01.113Z] <<< [apiv2][status] POST https://www.googleapis.com/oauth2/v3/token 200
[debug] [2025-12-12T16:37:01.113Z] <<< [apiv2][body] POST https://www.googleapis.com/oauth2/v3/token [omitted]
[debug] [2025-12-12T16:37:01.132Z] >>> [apiv2][query] GET https://serviceusage.googleapis.com/v1/projects/amigoperto-08748252-c7657/services/firebaseapphosting.googleapis.com [none]
[debug] [2025-12-12T16:37:01.133Z] >>> [apiv2][(partial)header] GET https://serviceusage.googleapis.com/v1/projects/amigoperto-08748252-c7657/services/firebaseapphosting.googleapis.com x-goog-quota-user=projects/amigoperto-08748252-c7657
[debug] [2025-12-12T16:37:01.139Z] <<< [apiv2][status] POST https://www.googleapis.com/oauth2/v3/token 200
[debug] [2025-12-12T16:37:01.140Z] <<< [apiv2][body] POST https://www.googleapis.com/oauth2/v3/token [omitted]
[debug] [2025-12-12T16:37:01.158Z] >>> [apiv2][query] GET https://serviceusage.googleapis.com/v1/projects/amigoperto-08748252-c7657/services/firebasedataconnect.googleapis.com [none]
[debug] [2025-12-12T16:37:01.158Z] >>> [apiv2][(partial)header] GET https://serviceusage.googleapis.com/v1/projects/amigoperto-08748252-c7657/services/firebasedataconnect.googleapis.com x-goog-quota-user=projects/amigoperto-08748252-c7657
[debug] [2025-12-12T16:37:01.160Z] <<< [apiv2][status] POST https://www.googleapis.com/oauth2/v3/token 200
[debug] [2025-12-12T16:37:01.160Z] <<< [apiv2][body] POST https://www.googleapis.com/oauth2/v3/token [omitted]
[debug] [2025-12-12T16:37:01.176Z] >>> [apiv2][query] GET https://serviceusage.googleapis.com/v1/projects/amigoperto-08748252-c7657/services/cloudfunctions.googleapis.com [none]
[debug] [2025-12-12T16:37:01.176Z] >>> [apiv2][(partial)header] GET https://serviceusage.googleapis.com/v1/projects/amigoperto-08748252-c7657/services/cloudfunctions.googleapis.com x-goog-quota-user=projects/amigoperto-08748252-c7657
[debug] [2025-12-12T16:37:01.184Z] <<< [apiv2][status] POST https://www.googleapis.com/oauth2/v3/token 200
[debug] [2025-12-12T16:37:01.185Z] <<< [apiv2][body] POST https://www.googleapis.com/oauth2/v3/token [omitted]
[debug] [2025-12-12T16:37:01.208Z] >>> [apiv2][query] GET https://serviceusage.googleapis.com/v1/projects/amigoperto-08748252-c7657/services/firestore.googleapis.com [none]
[debug] [2025-12-12T16:37:01.209Z] >>> [apiv2][(partial)header] GET https://serviceusage.googleapis.com/v1/projects/amigoperto-08748252-c7657/services/firestore.googleapis.com x-goog-quota-user=projects/amigoperto-08748252-c7657
[debug] [2025-12-12T16:37:01.211Z] <<< [apiv2][status] POST https://www.googleapis.com/oauth2/v3/token 200
[debug] [2025-12-12T16:37:01.211Z] <<< [apiv2][body] POST https://www.googleapis.com/oauth2/v3/token [omitted]
[debug] [2025-12-12T16:37:01.227Z] >>> [apiv2][query] GET https://serviceusage.googleapis.com/v1/projects/amigoperto-08748252-c7657/services/cloudfunctions.googleapis.com [none]
[debug] [2025-12-12T16:37:01.227Z] >>> [apiv2][(partial)header] GET https://serviceusage.googleapis.com/v1/projects/amigoperto-08748252-c7657/services/cloudfunctions.googleapis.com x-goog-quota-user=projects/amigoperto-08748252-c7657
[debug] [2025-12-12T16:37:01.249Z] <<< [apiv2][status] GET https://serviceusage.googleapis.com/v1/projects/amigoperto-08748252-c7657/services/firebaseio.com 403
[debug] [2025-12-12T16:37:01.249Z] <<< [apiv2][body] GET https://serviceusage.googleapis.com/v1/projects/amigoperto-08748252-c7657/services/firebaseio.com [omitted]
[debug] [2025-12-12T16:37:01.270Z] <<< [apiv2][status] GET https://serviceusage.googleapis.com/v1/projects/amigoperto-08748252-c7657/services/firebaseio.com 403
[debug] [2025-12-12T16:37:01.270Z] <<< [apiv2][body] GET https://serviceusage.googleapis.com/v1/projects/amigoperto-08748252-c7657/services/firebaseio.com [omitted]
[debug] [2025-12-12T16:37:01.368Z] <<< [apiv2][status] GET https://serviceusage.googleapis.com/v1/projects/amigoperto-08748252-c7657/services/firebasedataconnect.googleapis.com 200
[debug] [2025-12-12T16:37:01.368Z] <<< [apiv2][body] GET https://serviceusage.googleapis.com/v1/projects/amigoperto-08748252-c7657/services/firebasedataconnect.googleapis.com [omitted]
[debug] [2025-12-12T16:37:01.383Z] <<< [apiv2][status] GET https://serviceusage.googleapis.com/v1/projects/amigoperto-08748252-c7657/services/cloudfunctions.googleapis.com 200
[debug] [2025-12-12T16:37:01.383Z] <<< [apiv2][body] GET https://serviceusage.googleapis.com/v1/projects/amigoperto-08748252-c7657/services/cloudfunctions.googleapis.com [omitted]
[debug] [2025-12-12T16:37:01.383Z] <<< [apiv2][status] GET https://serviceusage.googleapis.com/v1/projects/amigoperto-08748252-c7657/services/firebaseapphosting.googleapis.com 200
[debug] [2025-12-12T16:37:01.384Z] <<< [apiv2][body] GET https://serviceusage.googleapis.com/v1/projects/amigoperto-08748252-c7657/services/firebaseapphosting.googleapis.com [omitted]
[debug] [2025-12-12T16:37:01.399Z] <<< [apiv2][status] GET https://serviceusage.googleapis.com/v1/projects/amigoperto-08748252-c7657/services/firebaseapphosting.googleapis.com 200
[debug] [2025-12-12T16:37:01.399Z] <<< [apiv2][body] GET https://serviceusage.googleapis.com/v1/projects/amigoperto-08748252-c7657/services/firebaseapphosting.googleapis.com [omitted]
[debug] [2025-12-12T16:37:01.399Z] <<< [apiv2][status] GET https://serviceusage.googleapis.com/v1/projects/amigoperto-08748252-c7657/services/firebasedataconnect.googleapis.com 200
[debug] [2025-12-12T16:37:01.399Z] <<< [apiv2][body] GET https://serviceusage.googleapis.com/v1/projects/amigoperto-08748252-c7657/services/firebasedataconnect.googleapis.com [omitted]
[debug] [2025-12-12T16:37:01.406Z] <<< [apiv2][status] GET https://serviceusage.googleapis.com/v1/projects/amigoperto-08748252-c7657/services/cloudfunctions.googleapis.com 200
[debug] [2025-12-12T16:37:01.406Z] <<< [apiv2][body] GET https://serviceusage.googleapis.com/v1/projects/amigoperto-08748252-c7657/services/cloudfunctions.googleapis.com [omitted]
[debug] [2025-12-12T16:37:01.412Z] <<< [apiv2][status] GET https://serviceusage.googleapis.com/v1/projects/amigoperto-08748252-c7657/services/firestore.googleapis.com 200
[debug] [2025-12-12T16:37:01.412Z] <<< [apiv2][body] GET https://serviceusage.googleapis.com/v1/projects/amigoperto-08748252-c7657/services/firestore.googleapis.com [omitted]
[debug] [2025-12-12T16:37:01.421Z] <<< [apiv2][status] GET https://serviceusage.googleapis.com/v1/projects/amigoperto-08748252-c7657/services/firestore.googleapis.com 200
[debug] [2025-12-12T16:37:01.423Z] <<< [apiv2][body] GET https://serviceusage.googleapis.com/v1/projects/amigoperto-08748252-c7657/services/firestore.googleapis.com [omitted]
[error] Failed to fetch Firebase Project from Studio Workspace because WORKSPACE_SLUG environment variable is empty
[error] Failed to fetch Firebase Project from Studio Workspace because WORKSPACE_SLUG environment variable is empty
[error] Failed to fetch Firebase Project from Studio Workspace because WORKSPACE_SLUG environment variable is empty
[debug] [2025-12-12T16:37:01.426Z] > command requires scopes: ["email","openid","https://www.googleapis.com/auth/cloudplatformprojects.readonly","https://www.googleapis.com/auth/firebase","https://www.googleapis.com/auth/cloud-platform","https://www.googleapis.com/auth/userinfo.email"]
[debug] [2025-12-12T16:37:01.427Z] > authorizing via signed-in user (alfecjo@gmail.com)
[error] Failed to fetch Firebase Project from Studio Workspace because WORKSPACE_SLUG environment variable is empty
[debug] [2025-12-12T16:37:01.434Z] > command requires scopes: ["email","openid","https://www.googleapis.com/auth/cloudplatformprojects.readonly","https://www.googleapis.com/auth/firebase","https://www.googleapis.com/auth/cloud-platform","https://www.googleapis.com/auth/userinfo.email"]
[debug] [2025-12-12T16:37:01.434Z] > authorizing via signed-in user (alfecjo@gmail.com)
[error] Failed to fetch Firebase Project from Studio Workspace because WORKSPACE_SLUG environment variable is empty
[error] Failed to fetch Firebase Project from Studio Workspace because WORKSPACE_SLUG environment variable is empty
[error] Failed to fetch Firebase Project from Studio Workspace because WORKSPACE_SLUG environment variable is empty
[debug] [2025-12-12T16:37:01.460Z] > command requires scopes: ["email","openid","https://www.googleapis.com/auth/cloudplatformprojects.readonly","https://www.googleapis.com/auth/firebase","https://www.googleapis.com/auth/cloud-platform","https://www.googleapis.com/auth/userinfo.email"]
[debug] [2025-12-12T16:37:01.461Z] > authorizing via signed-in user (alfecjo@gmail.com)
[error] Failed to fetch Firebase Project from Studio Workspace because WORKSPACE_SLUG environment variable is empty
[debug] [2025-12-12T16:37:01.464Z] > command requires scopes: ["email","openid","https://www.googleapis.com/auth/cloudplatformprojects.readonly","https://www.googleapis.com/auth/firebase","https://www.googleapis.com/auth/cloud-platform","https://www.googleapis.com/auth/userinfo.email"]
[debug] [2025-12-12T16:37:01.464Z] > authorizing via signed-in user (alfecjo@gmail.com)
[error] Failed to fetch Firebase Project from Studio Workspace because WORKSPACE_SLUG environment variable is empty
[error] Failed to fetch Firebase Project from Studio Workspace because WORKSPACE_SLUG environment variable is empty
[error] Failed to fetch Firebase Project from Studio Workspace because WORKSPACE_SLUG environment variable is empty
[debug] [2025-12-12T16:37:01.477Z] > command requires scopes: ["email","openid","https://www.googleapis.com/auth/cloudplatformprojects.readonly","https://www.googleapis.com/auth/firebase","https://www.googleapis.com/auth/cloud-platform","https://www.googleapis.com/auth/userinfo.email"]
[debug] [2025-12-12T16:37:01.477Z] > authorizing via signed-in user (alfecjo@gmail.com)
[error] Failed to fetch Firebase Project from Studio Workspace because WORKSPACE_SLUG environment variable is empty
[debug] [2025-12-12T16:37:01.478Z] > command requires scopes: ["email","openid","https://www.googleapis.com/auth/cloudplatformprojects.readonly","https://www.googleapis.com/auth/firebase","https://www.googleapis.com/auth/cloud-platform","https://www.googleapis.com/auth/userinfo.email"]
[debug] [2025-12-12T16:37:01.478Z] > authorizing via signed-in user (alfecjo@gmail.com)
[error] Failed to fetch Firebase Project from Studio Workspace because WORKSPACE_SLUG environment variable is empty
[error] Failed to fetch Firebase Project from Studio Workspace because WORKSPACE_SLUG environment variable is empty
[error] Failed to fetch Firebase Project from Studio Workspace because WORKSPACE_SLUG environment variable is empty
[error] Failed to fetch Firebase Project from Studio Workspace because WORKSPACE_SLUG environment variable is empty
[debug] [2025-12-12T19:15:48.916Z] > command requires scopes: ["email","openid","https://www.googleapis.com/auth/cloudplatformprojects.readonly","https://www.googleapis.com/auth/firebase","https://www.googleapis.com/auth/cloud-platform","https://www.googleapis.com/auth/userinfo.email"]
[debug] [2025-12-12T19:15:48.917Z] > authorizing via signed-in user (alfecjo@gmail.com)
[debug] [2025-12-12T19:15:48.929Z] Checked if tokens are valid: false, expires at: 1765561020211
[debug] [2025-12-12T19:15:48.929Z] Checked if tokens are valid: false, expires at: 1765561020211
[debug] [2025-12-12T19:15:48.930Z] > refreshing access token with scopes: []
[debug] [2025-12-12T19:15:48.932Z] >>> [apiv2][query] POST https://www.googleapis.com/oauth2/v3/token [none]
[debug] [2025-12-12T19:15:48.932Z] >>> [apiv2][body] POST https://www.googleapis.com/oauth2/v3/token [omitted]
[debug] [2025-12-12T19:15:48.960Z] Checked if tokens are valid: false, expires at: 1765561020211
[debug] [2025-12-12T19:15:48.960Z] Checked if tokens are valid: false, expires at: 1765561020211
[debug] [2025-12-12T19:15:48.961Z] > refreshing access token with scopes: []
[debug] [2025-12-12T19:15:48.961Z] >>> [apiv2][query] POST https://www.googleapis.com/oauth2/v3/token [none]
[debug] [2025-12-12T19:15:48.961Z] >>> [apiv2][body] POST https://www.googleapis.com/oauth2/v3/token [omitted]
[debug] [2025-12-12T19:15:48.965Z] Checked if tokens are valid: false, expires at: 1765561020211
[debug] [2025-12-12T19:15:48.965Z] Checked if tokens are valid: false, expires at: 1765561020211
[debug] [2025-12-12T19:15:48.965Z] > refreshing access token with scopes: []
[debug] [2025-12-12T19:15:48.966Z] >>> [apiv2][query] POST https://www.googleapis.com/oauth2/v3/token [none]
[debug] [2025-12-12T19:15:48.966Z] >>> [apiv2][body] POST https://www.googleapis.com/oauth2/v3/token [omitted]
[debug] [2025-12-12T19:15:48.981Z] Checked if tokens are valid: false, expires at: 1765561020211
[debug] [2025-12-12T19:15:48.981Z] Checked if tokens are valid: false, expires at: 1765561020211
[debug] [2025-12-12T19:15:48.981Z] > refreshing access token with scopes: []
[debug] [2025-12-12T19:15:48.982Z] >>> [apiv2][query] POST https://www.googleapis.com/oauth2/v3/token [none]
[debug] [2025-12-12T19:15:48.982Z] >>> [apiv2][body] POST https://www.googleapis.com/oauth2/v3/token [omitted]
[debug] [2025-12-12T19:15:48.984Z] Checked if tokens are valid: false, expires at: 1765561020211
[debug] [2025-12-12T19:15:48.985Z] Checked if tokens are valid: false, expires at: 1765561020211
[debug] [2025-12-12T19:15:48.985Z] > refreshing access token with scopes: []
[debug] [2025-12-12T19:15:48.985Z] >>> [apiv2][query] POST https://www.googleapis.com/oauth2/v3/token [none]
[debug] [2025-12-12T19:15:48.985Z] >>> [apiv2][body] POST https://www.googleapis.com/oauth2/v3/token [omitted]
[debug] [2025-12-12T19:15:48.988Z] > command requires scopes: ["email","openid","https://www.googleapis.com/auth/cloudplatformprojects.readonly","https://www.googleapis.com/auth/firebase","https://www.googleapis.com/auth/cloud-platform","https://www.googleapis.com/auth/userinfo.email"]
[debug] [2025-12-12T19:15:48.988Z] > authorizing via signed-in user (alfecjo@gmail.com)
[debug] [2025-12-12T19:15:48.990Z] Checked if tokens are valid: false, expires at: 1765561020211
[debug] [2025-12-12T19:15:48.990Z] Checked if tokens are valid: false, expires at: 1765561020211
[debug] [2025-12-12T19:15:48.990Z] > refreshing access token with scopes: []
[debug] [2025-12-12T19:15:48.990Z] >>> [apiv2][query] POST https://www.googleapis.com/oauth2/v3/token [none]
[debug] [2025-12-12T19:15:48.990Z] >>> [apiv2][body] POST https://www.googleapis.com/oauth2/v3/token [omitted]
[debug] [2025-12-12T19:15:48.992Z] Checked if tokens are valid: false, expires at: 1765561020211
[debug] [2025-12-12T19:15:48.993Z] Checked if tokens are valid: false, expires at: 1765561020211
[debug] [2025-12-12T19:15:48.993Z] > refreshing access token with scopes: []
[debug] [2025-12-12T19:15:48.993Z] >>> [apiv2][query] POST https://www.googleapis.com/oauth2/v3/token [none]
[debug] [2025-12-12T19:15:48.993Z] >>> [apiv2][body] POST https://www.googleapis.com/oauth2/v3/token [omitted]
[debug] [2025-12-12T19:15:48.995Z] Checked if tokens are valid: false, expires at: 1765561020211
[debug] [2025-12-12T19:15:48.995Z] Checked if tokens are valid: false, expires at: 1765561020211
[debug] [2025-12-12T19:15:48.995Z] > refreshing access token with scopes: []
[debug] [2025-12-12T19:15:48.996Z] >>> [apiv2][query] POST https://www.googleapis.com/oauth2/v3/token [none]
[debug] [2025-12-12T19:15:48.996Z] >>> [apiv2][body] POST https://www.googleapis.com/oauth2/v3/token [omitted]
[debug] [2025-12-12T19:15:49.000Z] Checked if tokens are valid: false, expires at: 1765561020211
[debug] [2025-12-12T19:15:49.000Z] Checked if tokens are valid: false, expires at: 1765561020211
[debug] [2025-12-12T19:15:49.000Z] > refreshing access token with scopes: []
[debug] [2025-12-12T19:15:49.001Z] >>> [apiv2][query] POST https://www.googleapis.com/oauth2/v3/token [none]
[debug] [2025-12-12T19:15:49.001Z] >>> [apiv2][body] POST https://www.googleapis.com/oauth2/v3/token [omitted]
[debug] [2025-12-12T19:15:49.004Z] Checked if tokens are valid: false, expires at: 1765561020211
[debug] [2025-12-12T19:15:49.004Z] Checked if tokens are valid: false, expires at: 1765561020211
[debug] [2025-12-12T19:15:49.004Z] > refreshing access token with scopes: []
[debug] [2025-12-12T19:15:49.004Z] >>> [apiv2][query] POST https://www.googleapis.com/oauth2/v3/token [none]
[debug] [2025-12-12T19:15:49.004Z] >>> [apiv2][body] POST https://www.googleapis.com/oauth2/v3/token [omitted]
[debug] [2025-12-12T19:15:49.143Z] <<< [apiv2][status] POST https://www.googleapis.com/oauth2/v3/token 200
[debug] [2025-12-12T19:15:49.143Z] <<< [apiv2][body] POST https://www.googleapis.com/oauth2/v3/token [omitted]
[debug] [2025-12-12T19:15:49.164Z] >>> [apiv2][query] GET https://serviceusage.googleapis.com/v1/projects/amigoperto-08748252-c7657/services/firebaseio.com [none]
[debug] [2025-12-12T19:15:49.164Z] >>> [apiv2][(partial)header] GET https://serviceusage.googleapis.com/v1/projects/amigoperto-08748252-c7657/services/firebaseio.com x-goog-quota-user=projects/amigoperto-08748252-c7657
[debug] [2025-12-12T19:15:49.180Z] <<< [apiv2][status] POST https://www.googleapis.com/oauth2/v3/token 200
[debug] [2025-12-12T19:15:49.180Z] <<< [apiv2][body] POST https://www.googleapis.com/oauth2/v3/token [omitted]
[debug] [2025-12-12T19:15:49.202Z] >>> [apiv2][query] GET https://serviceusage.googleapis.com/v1/projects/amigoperto-08748252-c7657/services/firebaseio.com [none]
[debug] [2025-12-12T19:15:49.202Z] >>> [apiv2][(partial)header] GET https://serviceusage.googleapis.com/v1/projects/amigoperto-08748252-c7657/services/firebaseio.com x-goog-quota-user=projects/amigoperto-08748252-c7657
[debug] [2025-12-12T19:15:49.206Z] <<< [apiv2][status] POST https://www.googleapis.com/oauth2/v3/token 200
[debug] [2025-12-12T19:15:49.206Z] <<< [apiv2][body] POST https://www.googleapis.com/oauth2/v3/token [omitted]
[debug] [2025-12-12T19:15:49.222Z] >>> [apiv2][query] GET https://serviceusage.googleapis.com/v1/projects/amigoperto-08748252-c7657/services/cloudfunctions.googleapis.com [none]
[debug] [2025-12-12T19:15:49.223Z] >>> [apiv2][(partial)header] GET https://serviceusage.googleapis.com/v1/projects/amigoperto-08748252-c7657/services/cloudfunctions.googleapis.com x-goog-quota-user=projects/amigoperto-08748252-c7657
[debug] [2025-12-12T19:15:49.226Z] <<< [apiv2][status] POST https://www.googleapis.com/oauth2/v3/token 200
[debug] [2025-12-12T19:15:49.226Z] <<< [apiv2][body] POST https://www.googleapis.com/oauth2/v3/token [omitted]
[debug] [2025-12-12T19:15:49.244Z] >>> [apiv2][query] GET https://serviceusage.googleapis.com/v1/projects/amigoperto-08748252-c7657/services/firebaseapphosting.googleapis.com [none]
[debug] [2025-12-12T19:15:49.245Z] >>> [apiv2][(partial)header] GET https://serviceusage.googleapis.com/v1/projects/amigoperto-08748252-c7657/services/firebaseapphosting.googleapis.com x-goog-quota-user=projects/amigoperto-08748252-c7657
[debug] [2025-12-12T19:15:49.281Z] <<< [apiv2][status] POST https://www.googleapis.com/oauth2/v3/token 200
[debug] [2025-12-12T19:15:49.281Z] <<< [apiv2][body] POST https://www.googleapis.com/oauth2/v3/token [omitted]
[debug] [2025-12-12T19:15:49.305Z] >>> [apiv2][query] GET https://serviceusage.googleapis.com/v1/projects/amigoperto-08748252-c7657/services/firebaseapphosting.googleapis.com [none]
[debug] [2025-12-12T19:15:49.305Z] >>> [apiv2][(partial)header] GET https://serviceusage.googleapis.com/v1/projects/amigoperto-08748252-c7657/services/firebaseapphosting.googleapis.com x-goog-quota-user=projects/amigoperto-08748252-c7657
[debug] [2025-12-12T19:15:49.307Z] <<< [apiv2][status] POST https://www.googleapis.com/oauth2/v3/token 200
[debug] [2025-12-12T19:15:49.307Z] <<< [apiv2][body] POST https://www.googleapis.com/oauth2/v3/token [omitted]
[debug] [2025-12-12T19:15:49.323Z] >>> [apiv2][query] GET https://serviceusage.googleapis.com/v1/projects/amigoperto-08748252-c7657/services/firebasedataconnect.googleapis.com [none]
[debug] [2025-12-12T19:15:49.323Z] >>> [apiv2][(partial)header] GET https://serviceusage.googleapis.com/v1/projects/amigoperto-08748252-c7657/services/firebasedataconnect.googleapis.com x-goog-quota-user=projects/amigoperto-08748252-c7657
[debug] [2025-12-12T19:15:49.348Z] <<< [apiv2][status] POST https://www.googleapis.com/oauth2/v3/token 200
[debug] [2025-12-12T19:15:49.348Z] <<< [apiv2][body] POST https://www.googleapis.com/oauth2/v3/token [omitted]
[debug] [2025-12-12T19:15:49.370Z] >>> [apiv2][query] GET https://serviceusage.googleapis.com/v1/projects/amigoperto-08748252-c7657/services/cloudfunctions.googleapis.com [none]
[debug] [2025-12-12T19:15:49.370Z] >>> [apiv2][(partial)header] GET https://serviceusage.googleapis.com/v1/projects/amigoperto-08748252-c7657/services/cloudfunctions.googleapis.com x-goog-quota-user=projects/amigoperto-08748252-c7657
[debug] [2025-12-12T19:15:49.388Z] <<< [apiv2][status] POST https://www.googleapis.com/oauth2/v3/token 200
[debug] [2025-12-12T19:15:49.389Z] <<< [apiv2][body] POST https://www.googleapis.com/oauth2/v3/token [omitted]
[debug] [2025-12-12T19:15:49.410Z] >>> [apiv2][query] GET https://serviceusage.googleapis.com/v1/projects/amigoperto-08748252-c7657/services/firestore.googleapis.com [none]
[debug] [2025-12-12T19:15:49.410Z] >>> [apiv2][(partial)header] GET https://serviceusage.googleapis.com/v1/projects/amigoperto-08748252-c7657/services/firestore.googleapis.com x-goog-quota-user=projects/amigoperto-08748252-c7657
[debug] [2025-12-12T19:15:49.432Z] <<< [apiv2][status] POST https://www.googleapis.com/oauth2/v3/token 200
[debug] [2025-12-12T19:15:49.433Z] <<< [apiv2][body] POST https://www.googleapis.com/oauth2/v3/token [omitted]
[debug] [2025-12-12T19:15:49.452Z] >>> [apiv2][query] GET https://serviceusage.googleapis.com/v1/projects/amigoperto-08748252-c7657/services/firestore.googleapis.com [none]
[debug] [2025-12-12T19:15:49.452Z] >>> [apiv2][(partial)header] GET https://serviceusage.googleapis.com/v1/projects/amigoperto-08748252-c7657/services/firestore.googleapis.com x-goog-quota-user=projects/amigoperto-08748252-c7657
[debug] [2025-12-12T19:15:49.455Z] <<< [apiv2][status] POST https://www.googleapis.com/oauth2/v3/token 200
[debug] [2025-12-12T19:15:49.455Z] <<< [apiv2][body] POST https://www.googleapis.com/oauth2/v3/token [omitted]
[debug] [2025-12-12T19:15:49.477Z] >>> [apiv2][query] GET https://serviceusage.googleapis.com/v1/projects/amigoperto-08748252-c7657/services/firebasedataconnect.googleapis.com [none]
[debug] [2025-12-12T19:15:49.477Z] >>> [apiv2][(partial)header] GET https://serviceusage.googleapis.com/v1/projects/amigoperto-08748252-c7657/services/firebasedataconnect.googleapis.com x-goog-quota-user=projects/amigoperto-08748252-c7657
[debug] [2025-12-12T19:15:49.497Z] <<< [apiv2][status] GET https://serviceusage.googleapis.com/v1/projects/amigoperto-08748252-c7657/services/firebaseio.com 403
[debug] [2025-12-12T19:15:49.499Z] <<< [apiv2][body] GET https://serviceusage.googleapis.com/v1/projects/amigoperto-08748252-c7657/services/firebaseio.com [omitted]
[debug] [2025-12-12T19:15:49.517Z] <<< [apiv2][status] GET https://serviceusage.googleapis.com/v1/projects/amigoperto-08748252-c7657/services/firebaseio.com 403
[debug] [2025-12-12T19:15:49.517Z] <<< [apiv2][body] GET https://serviceusage.googleapis.com/v1/projects/amigoperto-08748252-c7657/services/firebaseio.com [omitted]
[debug] [2025-12-12T19:15:49.525Z] <<< [apiv2][status] GET https://serviceusage.googleapis.com/v1/projects/amigoperto-08748252-c7657/services/firebaseapphosting.googleapis.com 200
[debug] [2025-12-12T19:15:49.525Z] <<< [apiv2][body] GET https://serviceusage.googleapis.com/v1/projects/amigoperto-08748252-c7657/services/firebaseapphosting.googleapis.com [omitted]
[debug] [2025-12-12T19:15:49.541Z] <<< [apiv2][status] GET https://serviceusage.googleapis.com/v1/projects/amigoperto-08748252-c7657/services/cloudfunctions.googleapis.com 200
[debug] [2025-12-12T19:15:49.542Z] <<< [apiv2][body] GET https://serviceusage.googleapis.com/v1/projects/amigoperto-08748252-c7657/services/cloudfunctions.googleapis.com [omitted]
[debug] [2025-12-12T19:15:49.559Z] <<< [apiv2][status] GET https://serviceusage.googleapis.com/v1/projects/amigoperto-08748252-c7657/services/firebasedataconnect.googleapis.com 200
[debug] [2025-12-12T19:15:49.559Z] <<< [apiv2][body] GET https://serviceusage.googleapis.com/v1/projects/amigoperto-08748252-c7657/services/firebasedataconnect.googleapis.com [omitted]
[debug] [2025-12-12T19:15:49.562Z] <<< [apiv2][status] GET https://serviceusage.googleapis.com/v1/projects/amigoperto-08748252-c7657/services/cloudfunctions.googleapis.com 200
[debug] [2025-12-12T19:15:49.563Z] <<< [apiv2][body] GET https://serviceusage.googleapis.com/v1/projects/amigoperto-08748252-c7657/services/cloudfunctions.googleapis.com [omitted]
[debug] [2025-12-12T19:15:49.569Z] <<< [apiv2][status] GET https://serviceusage.googleapis.com/v1/projects/amigoperto-08748252-c7657/services/firestore.googleapis.com 200
[debug] [2025-12-12T19:15:49.570Z] <<< [apiv2][body] GET https://serviceusage.googleapis.com/v1/projects/amigoperto-08748252-c7657/services/firestore.googleapis.com [omitted]
[debug] [2025-12-12T19:15:49.604Z] <<< [apiv2][status] GET https://serviceusage.googleapis.com/v1/projects/amigoperto-08748252-c7657/services/firebasedataconnect.googleapis.com 200
[debug] [2025-12-12T19:15:49.605Z] <<< [apiv2][body] GET https://serviceusage.googleapis.com/v1/projects/amigoperto-08748252-c7657/services/firebasedataconnect.googleapis.com [omitted]
[debug] [2025-12-12T19:15:49.622Z] <<< [apiv2][status] GET https://serviceusage.googleapis.com/v1/projects/amigoperto-08748252-c7657/services/firestore.googleapis.com 200
[debug] [2025-12-12T19:15:49.622Z] <<< [apiv2][body] GET https://serviceusage.googleapis.com/v1/projects/amigoperto-08748252-c7657/services/firestore.googleapis.com [omitted]
[error] Failed to fetch Firebase Project from Studio Workspace because WORKSPACE_SLUG environment variable is empty
[error] Failed to fetch Firebase Project from Studio Workspace because WORKSPACE_SLUG environment variable is empty
[error] Failed to fetch Firebase Project from Studio Workspace because WORKSPACE_SLUG environment variable is empty
[debug] [2025-12-12T19:15:49.628Z] > command requires scopes: ["email","openid","https://www.googleapis.com/auth/cloudplatformprojects.readonly","https://www.googleapis.com/auth/firebase","https://www.googleapis.com/auth/cloud-platform","https://www.googleapis.com/auth/userinfo.email"]
[debug] [2025-12-12T19:15:49.628Z] > authorizing via signed-in user (alfecjo@gmail.com)
[error] Failed to fetch Firebase Project from Studio Workspace because WORKSPACE_SLUG environment variable is empty
[debug] [2025-12-12T19:15:49.630Z] > command requires scopes: ["email","openid","https://www.googleapis.com/auth/cloudplatformprojects.readonly","https://www.googleapis.com/auth/firebase","https://www.googleapis.com/auth/cloud-platform","https://www.googleapis.com/auth/userinfo.email"]
[debug] [2025-12-12T19:15:49.631Z] > authorizing via signed-in user (alfecjo@gmail.com)
[error] Failed to fetch Firebase Project from Studio Workspace because WORKSPACE_SLUG environment variable is empty
[error] Failed to fetch Firebase Project from Studio Workspace because WORKSPACE_SLUG environment variable is empty
[error] Failed to fetch Firebase Project from Studio Workspace because WORKSPACE_SLUG environment variable is empty
[debug] [2025-12-12T19:15:49.653Z] > command requires scopes: ["email","openid","https://www.googleapis.com/auth/cloudplatformprojects.readonly","https://www.googleapis.com/auth/firebase","https://www.googleapis.com/auth/cloud-platform","https://www.googleapis.com/auth/userinfo.email"]
[debug] [2025-12-12T19:15:49.653Z] > authorizing via signed-in user (alfecjo@gmail.com)
[error] Failed to fetch Firebase Project from Studio Workspace because WORKSPACE_SLUG environment variable is empty
[debug] [2025-12-12T19:15:49.654Z] > command requires scopes: ["email","openid","https://www.googleapis.com/auth/cloudplatformprojects.readonly","https://www.googleapis.com/auth/firebase","https://www.googleapis.com/auth/cloud-platform","https://www.googleapis.com/auth/userinfo.email"]
[debug] [2025-12-12T19:15:49.654Z] > authorizing via signed-in user (alfecjo@gmail.com)
[error] Failed to fetch Firebase Project from Studio Workspace because WORKSPACE_SLUG environment variable is empty
[error] Failed to fetch Firebase Project from Studio Workspace because WORKSPACE_SLUG environment variable is empty
[error] Failed to fetch Firebase Project from Studio Workspace because WORKSPACE_SLUG environment variable is empty
[debug] [2025-12-12T19:15:49.666Z] > command requires scopes: ["email","openid","https://www.googleapis.com/auth/cloudplatformprojects.readonly","https://www.googleapis.com/auth/firebase","https://www.googleapis.com/auth/cloud-platform","https://www.googleapis.com/auth/userinfo.email"]
[debug] [2025-12-12T19:15:49.668Z] > authorizing via signed-in user (alfecjo@gmail.com)
[error] Failed to fetch Firebase Project from Studio Workspace because WORKSPACE_SLUG environment variable is empty
[debug] [2025-12-12T19:15:49.670Z] > command requires scopes: ["email","openid","https://www.googleapis.com/auth/cloudplatformprojects.readonly","https://www.googleapis.com/auth/firebase","https://www.googleapis.com/auth/cloud-platform","https://www.googleapis.com/auth/userinfo.email"]
[debug] [2025-12-12T19:15:49.670Z] > authorizing via signed-in user (alfecjo@gmail.com)
[debug] [2025-12-12T19:15:49.679Z] <<< [apiv2][status] GET https://serviceusage.googleapis.com/v1/projects/amigoperto-08748252-c7657/services/firebaseapphosting.googleapis.com 200
[debug] [2025-12-12T19:15:49.679Z] <<< [apiv2][body] GET https://serviceusage.googleapis.com/v1/projects/amigoperto-08748252-c7657/services/firebaseapphosting.googleapis.com [omitted]
[debug] [2025-12-12T19:25:44.757Z] ----------------------------------------------------------------------
[debug] [2025-12-12T19:25:44.765Z] Command:       /nix/store/ws50yvm6vzlzf7jzz6n7xh4szddrack1-nodejs-20.19.1/bin/node /home/user/.global_modules/bin/firebase init hosting
[debug] [2025-12-12T19:25:44.772Z] CLI Version:   14.25.0
[debug] [2025-12-12T19:25:44.772Z] Platform:      linux
[debug] [2025-12-12T19:25:44.773Z] Node Version:  v20.19.1
[debug] [2025-12-12T19:25:44.776Z] Time:          Fri Dec 12 2025 19:25:44 GMT+0000 (Coordinated Universal Time)
[debug] [2025-12-12T19:25:44.777Z] ----------------------------------------------------------------------
[debug] 
[debug] [2025-12-12T19:25:44.789Z] >>> [apiv2][query] GET https://firebase-public.firebaseio.com/cli.json [none]
[debug] [2025-12-12T19:25:45.809Z] Checked if tokens are valid: true, expires at: 1765570548455
[debug] [2025-12-12T19:25:45.810Z] Checked if tokens are valid: true, expires at: 1765570548455
[debug] [2025-12-12T19:25:45.816Z] >>> [apiv2][query] GET https://monospace-pa.googleapis.com/v1/workspaces/amigoperto-08748252 [none]
[debug] [2025-12-12T19:25:45.922Z] <<< [apiv2][status] GET https://firebase-public.firebaseio.com/cli.json 200
[debug] [2025-12-12T19:25:45.922Z] <<< [apiv2][body] GET https://firebase-public.firebaseio.com/cli.json {"cloudBuildErrorAfter":1594252800000,"cloudBuildWarnAfter":1590019200000,"defaultNode10After":1594252800000,"minVersion":"3.0.5","node8DeploysDisabledAfter":1613390400000,"node8RuntimeDisabledAfter":1615809600000,"node8WarnAfter":1600128000000}
[debug] [2025-12-12T19:25:46.448Z] <<< [apiv2][status] GET https://monospace-pa.googleapis.com/v1/workspaces/amigoperto-08748252 200
[debug] [2025-12-12T19:25:46.450Z] <<< [apiv2][body] GET https://monospace-pa.googleapis.com/v1/workspaces/amigoperto-08748252 {"workspaceId":"amigoperto-08748252","name":"amigoperto","workspaceRedirectUrl":"firebase-amigoperto-1763272846892.cluster-udxxdyopu5c7cwhhtg6mmadhvs.cloudworkstations.dev","status":"WORKSPACE_STATUS_RUNNING","lastAccessDatetime":"2025-12-12T19:14:33.106499Z","workspaceTemplate":"WORKSPACE_TEMPLATE_BLANK_WEB","owner":"SELF","serviceAccountEmail":"msp-6623167927869007832@monospace-per-ws-sa-2.iam.gserviceaccount.com","enableNix":true,"ownerEmail":"alfecjo@gmail.com","workspaceImageUrl":"https://www.gstatic.com/monospace/231115/logo_angular.svg","templateArgs":"{\"__agentic_workspace\":true}","templateRepoUrl":"file:///usr/local/monospace/templates/public/angular","workstationAccessToken":"eyJhbGciOiJSUzI1NiIsInR5cCI6IkpXVCJ9.eyJpc3MiOiJodHRwczovL2Nsb3VkLmdvb2dsZS5jb20vd29ya3N0YXRpb25zIiwiYXVkIjoiZmlyZWJhc2UtYW1pZ29wZXJ0by0xNzYzMjcyODQ2ODkyLmNsdXN0ZXItdWR4eGR5b3B1NWM3Y3doaHRnNm1tYWRodnMuY2xvdWR3b3Jrc3RhdGlvbnMuZGV2IiwiaWF0IjoxNzY1NTY3NTQ2LCJleHAiOjE3NjU2NTM5NDZ9.Qu6b1cMxM95xgJ1KHTAZiDskYG5VwX9jARYj8Gf65I85jrEoNXusvLEyFFrzIQvRDjZhFaC3n6WbnABQ7Ebk1aPhHq6HtRejlwMfjT_rgVVdVy5xjOoAkf08xt1VHLYoOS--eHKsiNo5yhwn7ok-vMVP5knzh6IBq_haGuiC99MPERxoQs2rqbh1udf7UaDjAh5ti-MlS15XvU2SuIK9qupGP6HFIPauoHuDM2U7uhn9WrlRqYC3LAHxEW11SgknL8AHBYSm5OSaHHyeG0kV_PlaTR3WlUNcBxKucarn-SutFfJXYV6uNs3-at4cgM0cabGdPLzgbi3ghw9ycbAp-A","firebaseProjectId":"amigoperto-08748252-c7657"}
[info] 
     ######## #### ########  ######## ########     ###     ######  ########
     ##        ##  ##     ## ##       ##     ##  ##   ##  ##       ##
     ######    ##  ########  ######   ########  #########  ######  ######
     ##        ##  ##    ##  ##       ##     ## ##     ##       ## ##
     ##       #### ##     ## ######## ########  ##     ##  ######  ########

You're about to initialize a Firebase project in this directory:

  /home/user/amigoperto

Before we get started, keep in mind:

  * You are initializing within an existing Firebase project directory

[info] 
=== Project Setup
[info] 
[info] First, let's associate this project directory with a Firebase project.
[info] You can create multiple project aliases by running firebase use --add, 
[info] 
[debug] [2025-12-12T19:25:46.457Z] > command requires scopes: ["email","openid","https://www.googleapis.com/auth/cloudplatformprojects.readonly","https://www.googleapis.com/auth/firebase","https://www.googleapis.com/auth/cloud-platform","https://www.googleapis.com/auth/userinfo.email"]
[debug] [2025-12-12T19:25:46.457Z] > authorizing via signed-in user (alfecjo@gmail.com)
[debug] [2025-12-12T19:25:46.458Z] Checked if tokens are valid: true, expires at: 1765570548455
[debug] [2025-12-12T19:25:46.458Z] Checked if tokens are valid: true, expires at: 1765570548455
[debug] [2025-12-12T19:25:46.458Z] >>> [apiv2][query] GET https://firebase.googleapis.com/v1beta1/projects/amigoperto-08748252-c7657 [none]
[debug] [2025-12-12T19:25:46.707Z] <<< [apiv2][status] GET https://firebase.googleapis.com/v1beta1/projects/amigoperto-08748252-c7657 200
[debug] [2025-12-12T19:25:46.707Z] <<< [apiv2][body] GET https://firebase.googleapis.com/v1beta1/projects/amigoperto-08748252-c7657 {"projectId":"amigoperto-08748252-c7657","projectNumber":"856736466778","displayName":"Firebase app","name":"projects/amigoperto-08748252-c7657","resources":{"hostingSite":"amigoperto-08748252-c7657"},"state":"ACTIVE","etag":"1_836b2c43-5241-4677-ad02-5c130e0c37e2"}
[info] i  Using project amigoperto-08748252-c7657 (Firebase app) . 
[info] 
=== Hosting Setup
[debug] [2025-12-12T19:25:46.723Z] Checked if tokens are valid: true, expires at: 1765570548455
[debug] [2025-12-12T19:25:46.723Z] Checked if tokens are valid: true, expires at: 1765570548455
[debug] [2025-12-12T19:25:46.723Z] >>> [apiv2][query] GET https://firebase.googleapis.com/v1beta1/projects/amigoperto-08748252-c7657 [none]
[debug] [2025-12-12T19:25:46.826Z] <<< [apiv2][status] GET https://firebase.googleapis.com/v1beta1/projects/amigoperto-08748252-c7657 200
[debug] [2025-12-12T19:25:46.826Z] <<< [apiv2][body] GET https://firebase.googleapis.com/v1beta1/projects/amigoperto-08748252-c7657 {"projectId":"amigoperto-08748252-c7657","projectNumber":"856736466778","displayName":"Firebase app","name":"projects/amigoperto-08748252-c7657","resources":{"hostingSite":"amigoperto-08748252-c7657"},"state":"ACTIVE","etag":"1_836b2c43-5241-4677-ad02-5c130e0c37e2"}
[info] 
[info] Your public directory is the folder (relative to your project directory) that
[info] will contain Hosting assets to be uploaded with firebase deploy. If you
[info] have a build process for your assets, use your build's output directory.
[info] 
[error] Failed to fetch Firebase Project from Studio Workspace because WORKSPACE_SLUG environment variable is empty
[error] Failed to fetch Firebase Project from Studio Workspace because WORKSPACE_SLUG environment variable is empty
[error] Failed to fetch Firebase Project from Studio Workspace because WORKSPACE_SLUG environment variable is empty
[error] Failed to fetch Firebase Project from Studio Workspace because WORKSPACE_SLUG environment variable is empty
[debug] [2025-12-12T19:48:55.276Z] > command requires scopes: ["email","openid","https://www.googleapis.com/auth/cloudplatformprojects.readonly","https://www.googleapis.com/auth/firebase","https://www.googleapis.com/auth/cloud-platform","https://www.googleapis.com/auth/userinfo.email"]
[debug] [2025-12-12T19:48:55.277Z] > authorizing via signed-in user (alfecjo@gmail.com)
[debug] [2025-12-12T19:48:55.288Z] Checked if tokens are valid: true, expires at: 1765570548455
[debug] [2025-12-12T19:48:55.289Z] Checked if tokens are valid: true, expires at: 1765570548455
[debug] [2025-12-12T19:48:55.290Z] Checked if tokens are valid: true, expires at: 1765570548455
[debug] [2025-12-12T19:48:55.290Z] Checked if tokens are valid: true, expires at: 1765570548455
[debug] [2025-12-12T19:48:55.292Z] Checked if tokens are valid: true, expires at: 1765570548455
[debug] [2025-12-12T19:48:55.292Z] Checked if tokens are valid: true, expires at: 1765570548455
[debug] [2025-12-12T19:48:55.302Z] Checked if tokens are valid: true, expires at: 1765570548455
[debug] [2025-12-12T19:48:55.302Z] Checked if tokens are valid: true, expires at: 1765570548455
[debug] [2025-12-12T19:48:55.303Z] Checked if tokens are valid: true, expires at: 1765570548455
[debug] [2025-12-12T19:48:55.303Z] Checked if tokens are valid: true, expires at: 1765570548455
[debug] [2025-12-12T19:48:55.303Z] > command requires scopes: ["email","openid","https://www.googleapis.com/auth/cloudplatformprojects.readonly","https://www.googleapis.com/auth/firebase","https://www.googleapis.com/auth/cloud-platform","https://www.googleapis.com/auth/userinfo.email"]
[debug] [2025-12-12T19:48:55.303Z] > authorizing via signed-in user (alfecjo@gmail.com)
[debug] [2025-12-12T19:48:55.305Z] >>> [apiv2][query] GET https://serviceusage.googleapis.com/v1/projects/amigoperto-08748252-c7657/services/firestore.googleapis.com [none]
[debug] [2025-12-12T19:48:55.305Z] >>> [apiv2][(partial)header] GET https://serviceusage.googleapis.com/v1/projects/amigoperto-08748252-c7657/services/firestore.googleapis.com x-goog-quota-user=projects/amigoperto-08748252-c7657
[debug] [2025-12-12T19:48:55.330Z] >>> [apiv2][query] GET https://serviceusage.googleapis.com/v1/projects/amigoperto-08748252-c7657/services/firebasedataconnect.googleapis.com [none]
[debug] [2025-12-12T19:48:55.331Z] >>> [apiv2][(partial)header] GET https://serviceusage.googleapis.com/v1/projects/amigoperto-08748252-c7657/services/firebasedataconnect.googleapis.com x-goog-quota-user=projects/amigoperto-08748252-c7657
[debug] [2025-12-12T19:48:55.333Z] >>> [apiv2][query] GET https://serviceusage.googleapis.com/v1/projects/amigoperto-08748252-c7657/services/cloudfunctions.googleapis.com [none]
[debug] [2025-12-12T19:48:55.333Z] >>> [apiv2][(partial)header] GET https://serviceusage.googleapis.com/v1/projects/amigoperto-08748252-c7657/services/cloudfunctions.googleapis.com x-goog-quota-user=projects/amigoperto-08748252-c7657
[debug] [2025-12-12T19:48:55.335Z] >>> [apiv2][query] GET https://serviceusage.googleapis.com/v1/projects/amigoperto-08748252-c7657/services/firebaseapphosting.googleapis.com [none]
[debug] [2025-12-12T19:48:55.335Z] >>> [apiv2][(partial)header] GET https://serviceusage.googleapis.com/v1/projects/amigoperto-08748252-c7657/services/firebaseapphosting.googleapis.com x-goog-quota-user=projects/amigoperto-08748252-c7657
[debug] [2025-12-12T19:48:55.336Z] >>> [apiv2][query] GET https://serviceusage.googleapis.com/v1/projects/amigoperto-08748252-c7657/services/firebaseio.com [none]
[debug] [2025-12-12T19:48:55.336Z] >>> [apiv2][(partial)header] GET https://serviceusage.googleapis.com/v1/projects/amigoperto-08748252-c7657/services/firebaseio.com x-goog-quota-user=projects/amigoperto-08748252-c7657
[debug] [2025-12-12T19:48:55.338Z] Checked if tokens are valid: true, expires at: 1765570548455
[debug] [2025-12-12T19:48:55.339Z] Checked if tokens are valid: true, expires at: 1765570548455
[debug] [2025-12-12T19:48:55.339Z] Checked if tokens are valid: true, expires at: 1765570548455
[debug] [2025-12-12T19:48:55.339Z] Checked if tokens are valid: true, expires at: 1765570548455
[debug] [2025-12-12T19:48:55.339Z] Checked if tokens are valid: true, expires at: 1765570548455
[debug] [2025-12-12T19:48:55.339Z] Checked if tokens are valid: true, expires at: 1765570548455
[debug] [2025-12-12T19:48:55.342Z] Checked if tokens are valid: true, expires at: 1765570548455
[debug] [2025-12-12T19:48:55.343Z] Checked if tokens are valid: true, expires at: 1765570548455
[debug] [2025-12-12T19:48:55.343Z] Checked if tokens are valid: true, expires at: 1765570548455
[debug] [2025-12-12T19:48:55.343Z] Checked if tokens are valid: true, expires at: 1765570548455
[debug] [2025-12-12T19:48:55.343Z] >>> [apiv2][query] GET https://serviceusage.googleapis.com/v1/projects/amigoperto-08748252-c7657/services/firestore.googleapis.com [none]
[debug] [2025-12-12T19:48:55.343Z] >>> [apiv2][(partial)header] GET https://serviceusage.googleapis.com/v1/projects/amigoperto-08748252-c7657/services/firestore.googleapis.com x-goog-quota-user=projects/amigoperto-08748252-c7657
[debug] [2025-12-12T19:48:55.347Z] >>> [apiv2][query] GET https://serviceusage.googleapis.com/v1/projects/amigoperto-08748252-c7657/services/firebasedataconnect.googleapis.com [none]
[debug] [2025-12-12T19:48:55.347Z] >>> [apiv2][(partial)header] GET https://serviceusage.googleapis.com/v1/projects/amigoperto-08748252-c7657/services/firebasedataconnect.googleapis.com x-goog-quota-user=projects/amigoperto-08748252-c7657
[debug] [2025-12-12T19:48:55.350Z] >>> [apiv2][query] GET https://serviceusage.googleapis.com/v1/projects/amigoperto-08748252-c7657/services/cloudfunctions.googleapis.com [none]
[debug] [2025-12-12T19:48:55.350Z] >>> [apiv2][(partial)header] GET https://serviceusage.googleapis.com/v1/projects/amigoperto-08748252-c7657/services/cloudfunctions.googleapis.com x-goog-quota-user=projects/amigoperto-08748252-c7657
[debug] [2025-12-12T19:48:55.352Z] >>> [apiv2][query] GET https://serviceusage.googleapis.com/v1/projects/amigoperto-08748252-c7657/services/firebaseapphosting.googleapis.com [none]
[debug] [2025-12-12T19:48:55.353Z] >>> [apiv2][(partial)header] GET https://serviceusage.googleapis.com/v1/projects/amigoperto-08748252-c7657/services/firebaseapphosting.googleapis.com x-goog-quota-user=projects/amigoperto-08748252-c7657
[debug] [2025-12-12T19:48:55.354Z] >>> [apiv2][query] GET https://serviceusage.googleapis.com/v1/projects/amigoperto-08748252-c7657/services/firebaseio.com [none]
[debug] [2025-12-12T19:48:55.354Z] >>> [apiv2][(partial)header] GET https://serviceusage.googleapis.com/v1/projects/amigoperto-08748252-c7657/services/firebaseio.com x-goog-quota-user=projects/amigoperto-08748252-c7657
[debug] [2025-12-12T19:48:55.503Z] <<< [apiv2][status] GET https://serviceusage.googleapis.com/v1/projects/amigoperto-08748252-c7657/services/firebaseio.com 403
[debug] [2025-12-12T19:48:55.504Z] <<< [apiv2][body] GET https://serviceusage.googleapis.com/v1/projects/amigoperto-08748252-c7657/services/firebaseio.com [omitted]
[debug] [2025-12-12T19:48:55.508Z] <<< [apiv2][status] GET https://serviceusage.googleapis.com/v1/projects/amigoperto-08748252-c7657/services/firebaseio.com 403
[debug] [2025-12-12T19:48:55.509Z] <<< [apiv2][body] GET https://serviceusage.googleapis.com/v1/projects/amigoperto-08748252-c7657/services/firebaseio.com [omitted]
[debug] [2025-12-12T19:48:55.543Z] <<< [apiv2][status] GET https://serviceusage.googleapis.com/v1/projects/amigoperto-08748252-c7657/services/firebaseapphosting.googleapis.com 200
[debug] [2025-12-12T19:48:55.543Z] <<< [apiv2][body] GET https://serviceusage.googleapis.com/v1/projects/amigoperto-08748252-c7657/services/firebaseapphosting.googleapis.com [omitted]
[debug] [2025-12-12T19:48:55.557Z] <<< [apiv2][status] GET https://serviceusage.googleapis.com/v1/projects/amigoperto-08748252-c7657/services/cloudfunctions.googleapis.com 200
[debug] [2025-12-12T19:48:55.560Z] <<< [apiv2][body] GET https://serviceusage.googleapis.com/v1/projects/amigoperto-08748252-c7657/services/cloudfunctions.googleapis.com [omitted]
[debug] [2025-12-12T19:48:55.565Z] <<< [apiv2][status] GET https://serviceusage.googleapis.com/v1/projects/amigoperto-08748252-c7657/services/firestore.googleapis.com 200
[debug] [2025-12-12T19:48:55.565Z] <<< [apiv2][body] GET https://serviceusage.googleapis.com/v1/projects/amigoperto-08748252-c7657/services/firestore.googleapis.com [omitted]
[debug] [2025-12-12T19:48:55.569Z] <<< [apiv2][status] GET https://serviceusage.googleapis.com/v1/projects/amigoperto-08748252-c7657/services/cloudfunctions.googleapis.com 200
[debug] [2025-12-12T19:48:55.569Z] <<< [apiv2][body] GET https://serviceusage.googleapis.com/v1/projects/amigoperto-08748252-c7657/services/cloudfunctions.googleapis.com [omitted]
[debug] [2025-12-12T19:48:55.573Z] <<< [apiv2][status] GET https://serviceusage.googleapis.com/v1/projects/amigoperto-08748252-c7657/services/firebaseapphosting.googleapis.com 200
[debug] [2025-12-12T19:48:55.573Z] <<< [apiv2][body] GET https://serviceusage.googleapis.com/v1/projects/amigoperto-08748252-c7657/services/firebaseapphosting.googleapis.com [omitted]
[debug] [2025-12-12T19:48:55.574Z] <<< [apiv2][status] GET https://serviceusage.googleapis.com/v1/projects/amigoperto-08748252-c7657/services/firebasedataconnect.googleapis.com 200
[debug] [2025-12-12T19:48:55.574Z] <<< [apiv2][body] GET https://serviceusage.googleapis.com/v1/projects/amigoperto-08748252-c7657/services/firebasedataconnect.googleapis.com [omitted]
[error] Failed to fetch Firebase Project from Studio Workspace because WORKSPACE_SLUG environment variable is empty
[error] Failed to fetch Firebase Project from Studio Workspace because WORKSPACE_SLUG environment variable is empty
[error] Failed to fetch Firebase Project from Studio Workspace because WORKSPACE_SLUG environment variable is empty
[debug] [2025-12-12T19:48:55.583Z] > command requires scopes: ["email","openid","https://www.googleapis.com/auth/cloudplatformprojects.readonly","https://www.googleapis.com/auth/firebase","https://www.googleapis.com/auth/cloud-platform","https://www.googleapis.com/auth/userinfo.email"]
[debug] [2025-12-12T19:48:55.585Z] > authorizing via signed-in user (alfecjo@gmail.com)
[error] Failed to fetch Firebase Project from Studio Workspace because WORKSPACE_SLUG environment variable is empty
[debug] [2025-12-12T19:48:55.593Z] > command requires scopes: ["email","openid","https://www.googleapis.com/auth/cloudplatformprojects.readonly","https://www.googleapis.com/auth/firebase","https://www.googleapis.com/auth/cloud-platform","https://www.googleapis.com/auth/userinfo.email"]
[debug] [2025-12-12T19:48:55.593Z] > authorizing via signed-in user (alfecjo@gmail.com)
[debug] [2025-12-12T19:48:55.597Z] <<< [apiv2][status] GET https://serviceusage.googleapis.com/v1/projects/amigoperto-08748252-c7657/services/firestore.googleapis.com 200
[debug] [2025-12-12T19:48:55.598Z] <<< [apiv2][body] GET https://serviceusage.googleapis.com/v1/projects/amigoperto-08748252-c7657/services/firestore.googleapis.com [omitted]
[debug] [2025-12-12T19:48:55.602Z] <<< [apiv2][status] GET https://serviceusage.googleapis.com/v1/projects/amigoperto-08748252-c7657/services/firebasedataconnect.googleapis.com 200
[debug] [2025-12-12T19:48:55.602Z] <<< [apiv2][body] GET https://serviceusage.googleapis.com/v1/projects/amigoperto-08748252-c7657/services/firebasedataconnect.googleapis.com [omitted]
[error] Failed to fetch Firebase Project from Studio Workspace because WORKSPACE_SLUG environment variable is empty
[error] Failed to fetch Firebase Project from Studio Workspace because WORKSPACE_SLUG environment variable is empty
[error] Failed to fetch Firebase Project from Studio Workspace because WORKSPACE_SLUG environment variable is empty
[debug] [2025-12-12T19:48:55.633Z] > command requires scopes: ["email","openid","https://www.googleapis.com/auth/cloudplatformprojects.readonly","https://www.googleapis.com/auth/firebase","https://www.googleapis.com/auth/cloud-platform","https://www.googleapis.com/auth/userinfo.email"]
[debug] [2025-12-12T19:48:55.633Z] > authorizing via signed-in user (alfecjo@gmail.com)
[error] Failed to fetch Firebase Project from Studio Workspace because WORKSPACE_SLUG environment variable is empty
[debug] [2025-12-12T19:48:55.637Z] > command requires scopes: ["email","openid","https://www.googleapis.com/auth/cloudplatformprojects.readonly","https://www.googleapis.com/auth/firebase","https://www.googleapis.com/auth/cloud-platform","https://www.googleapis.com/auth/userinfo.email"]
[debug] [2025-12-12T19:48:55.637Z] > authorizing via signed-in user (alfecjo@gmail.com)
[error] Failed to fetch Firebase Project from Studio Workspace because WORKSPACE_SLUG environment variable is empty
[error] Failed to fetch Firebase Project from Studio Workspace because WORKSPACE_SLUG environment variable is empty
[error] Failed to fetch Firebase Project from Studio Workspace because WORKSPACE_SLUG environment variable is empty
[debug] [2025-12-12T19:48:55.643Z] > command requires scopes: ["email","openid","https://www.googleapis.com/auth/cloudplatformprojects.readonly","https://www.googleapis.com/auth/firebase","https://www.googleapis.com/auth/cloud-platform","https://www.googleapis.com/auth/userinfo.email"]
[debug] [2025-12-12T19:48:55.644Z] > authorizing via signed-in user (alfecjo@gmail.com)
[error] Failed to fetch Firebase Project from Studio Workspace because WORKSPACE_SLUG environment variable is empty
[debug] [2025-12-12T19:48:55.645Z] > command requires scopes: ["email","openid","https://www.googleapis.com/auth/cloudplatformprojects.readonly","https://www.googleapis.com/auth/firebase","https://www.googleapis.com/auth/cloud-platform","https://www.googleapis.com/auth/userinfo.email"]
[debug] [2025-12-12T19:48:55.646Z] > authorizing via signed-in user (alfecjo@gmail.com)
[error] Failed to fetch Firebase Project from Studio Workspace because WORKSPACE_SLUG environment variable is empty
[error] Failed to fetch Firebase Project from Studio Workspace because WORKSPACE_SLUG environment variable is empty
[debug] [2025-12-12T20:09:44.104Z] > command requires scopes: ["email","openid","https://www.googleapis.com/auth/cloudplatformprojects.readonly","https://www.googleapis.com/auth/firebase","https://www.googleapis.com/auth/cloud-platform","https://www.googleapis.com/auth/userinfo.email"]
[debug] [2025-12-12T20:09:44.104Z] > authorizing via signed-in user (alfecjo@gmail.com)
[error] Failed to fetch Firebase Project from Studio Workspace because WORKSPACE_SLUG environment variable is empty
[error] Failed to fetch Firebase Project from Studio Workspace because WORKSPACE_SLUG environment variable is empty
[debug] [2025-12-12T20:09:44.109Z] > command requires scopes: ["email","openid","https://www.googleapis.com/auth/cloudplatformprojects.readonly","https://www.googleapis.com/auth/firebase","https://www.googleapis.com/auth/cloud-platform","https://www.googleapis.com/auth/userinfo.email"]
[debug] [2025-12-12T20:09:44.110Z] > authorizing via signed-in user (alfecjo@gmail.com)
[debug] [2025-12-12T20:09:44.114Z] Checked if tokens are valid: false, expires at: 1765570548455
[debug] [2025-12-12T20:09:44.114Z] Checked if tokens are valid: false, expires at: 1765570548455
[debug] [2025-12-12T20:09:44.115Z] > refreshing access token with scopes: []
[debug] [2025-12-12T20:09:44.116Z] >>> [apiv2][query] POST https://www.googleapis.com/oauth2/v3/token [none]
[debug] [2025-12-12T20:09:44.116Z] >>> [apiv2][body] POST https://www.googleapis.com/oauth2/v3/token [omitted]
[debug] [2025-12-12T20:09:44.188Z] <<< [apiv2][status] POST https://www.googleapis.com/oauth2/v3/token 200
[debug] [2025-12-12T20:09:44.188Z] <<< [apiv2][body] POST https://www.googleapis.com/oauth2/v3/token [omitted]
[debug] [2025-12-12T20:09:44.222Z] >>> [apiv2][query] GET https://serviceusage.googleapis.com/v1/projects/amigoperto-08748252-c7657/services/cloudresourcemanager.googleapis.com [none]
[debug] [2025-12-12T20:09:44.222Z] >>> [apiv2][(partial)header] GET https://serviceusage.googleapis.com/v1/projects/amigoperto-08748252-c7657/services/cloudresourcemanager.googleapis.com x-goog-quota-user=projects/amigoperto-08748252-c7657
[debug] [2025-12-12T20:09:44.380Z] <<< [apiv2][status] GET https://serviceusage.googleapis.com/v1/projects/amigoperto-08748252-c7657/services/cloudresourcemanager.googleapis.com 200
[debug] [2025-12-12T20:09:44.380Z] <<< [apiv2][body] GET https://serviceusage.googleapis.com/v1/projects/amigoperto-08748252-c7657/services/cloudresourcemanager.googleapis.com [omitted]
[debug] [2025-12-12T20:09:44.392Z] Checked if tokens are valid: true, expires at: 1765573783189
[debug] [2025-12-12T20:09:44.392Z] Checked if tokens are valid: true, expires at: 1765573783189
[debug] [2025-12-12T20:09:44.392Z] >>> [apiv2][query] GET https://cloudresourcemanager.googleapis.com/v1/projects/amigoperto-08748252-c7657 [none]
[debug] [2025-12-12T20:09:44.462Z] <<< [apiv2][status] GET https://cloudresourcemanager.googleapis.com/v1/projects/amigoperto-08748252-c7657 200
[debug] [2025-12-12T20:09:44.465Z] <<< [apiv2][body] GET https://cloudresourcemanager.googleapis.com/v1/projects/amigoperto-08748252-c7657 {"projectNumber":"856736466778","projectId":"amigoperto-08748252-c7657","lifecycleState":"ACTIVE","name":"Firebase app","labels":{"firebase":"enabled","firebase-core":"disabled"},"createTime":"2025-11-16T06:23:23.094135Z"}
